 Óbitos infantis - Brasil
Óbitos p/Residênc por Município
Período:2018
"Município";"Óbitos_p/Residênc"
"110001 Alta Floresta D'Oeste";3
"110040 Alto Paraíso";7
"110002 Ariquemes";26
"110045 Buritis";8
"110003 Cabixi";1
"110004 Cacoal";19
"110080 Candeias do Jamari";5
"110005 Cerejeiras";4
"110092 Chupinguaia";1
"110006 Colorado do Oeste";2
"110007 Corumbiara";1
"110008 Costa Marques";2
"110094 Cujubim";3
"110009 Espigão D'Oeste";6
"110100 Governador Jorge Teixeira";3
"110010 Guajará-Mirim";22
"110011 Jaru";11
"110012 Ji-Paraná";39
"110013 Machadinho D'Oeste";2
"110120 Ministro Andreazza";2
"110130 Mirante da Serra";1
"110140 Monte Negro";2
"110014 Nova Brasilândia D'Oeste";2
"110033 Nova Mamoré";9
"110143 Nova União";1
"110015 Ouro Preto do Oeste";8
"110145 Parecis";2
"110018 Pimenta Bueno";8
"110146 Pimenteiras do Oeste";2
"110020 Porto Velho";107
"110025 Presidente Médici";3
"110147 Primavera de Rondônia";1
"110028 Rolim de Moura";12
"110029 Santa Luzia D'Oeste";1
"110149 São Francisco do Guaporé";7
"110032 São Miguel do Guaporé";4
"110150 Seringueiras";1
"110155 Teixeirópolis";1
"110160 Theobroma";1
"110170 Urupá";1
"110030 Vilhena";16
"120001 Acrelândia";2
"120005 Assis Brasil";4
"120010 Brasiléia";8
"120013 Bujari";1
"120017 Capixaba";4
"120020 Cruzeiro do Sul";28
"120025 Epitaciolândia";7
"120030 Feijó";31
"120032 Jordão";4
"120033 Mâncio Lima";9
"120034 Manoel Urbano";2
"120035 Marechal Thaumaturgo";8
"120038 Plácido de Castro";5
"120080 Porto Acre";7
"120039 Porto Walter";7
"120040 Rio Branco";93
"120042 Rodrigues Alves";5
"120043 Santa Rosa do Purus";9
"120050 Sena Madureira";11
"120045 Senador Guiomard";5
"120060 Tarauacá";18
"120070 Xapuri";4
"120000 Município ignorado - AC";1
"130002 Alvarães";14
"130006 Amaturá";6
"130008 Anamã";3
"130010 Anori";7
"130014 Apuí";2
"130020 Atalaia do Norte";11
"130030 Autazes";10
"130040 Barcelos";24
"130050 Barreirinha";13
"130060 Benjamin Constant";14
"130063 Beruri";4
"130068 Boa Vista do Ramos";3
"130070 Boca do Acre";15
"130080 Borba";8
"130083 Caapiranga";1
"130090 Canutama";6
"130100 Carauari";11
"130110 Careiro";9
"130115 Careiro da Várzea";6
"130120 Coari";20
"130130 Codajás";3
"130140 Eirunepé";29
"130150 Envira";16
"130160 Fonte Boa";8
"130165 Guajará";3
"130170 Humaitá";9
"130180 Ipixuna";19
"130185 Iranduba";11
"130190 Itacoatiara";16
"130195 Itamarati";2
"130210 Japurá";2
"130220 Juruá";7
"130230 Jutaí";12
"130240 Lábrea";17
"130250 Manacapuru";31
"130255 Manaquiri";1
"130260 Manaus";534
"130270 Manicoré";25
"130280 Maraã";4
"130290 Maués";31
"130300 Nhamundá";9
"130310 Nova Olinda do Norte";13
"130320 Novo Airão";3
"130330 Novo Aripuanã";8
"130340 Parintins";50
"130350 Pauini";4
"130353 Presidente Figueiredo";8
"130356 Rio Preto da Eva";3
"130360 Santa Isabel do Rio Negro";10
"130370 Santo Antônio do Içá";8
"130380 São Gabriel da Cachoeira";34
"130390 São Paulo de Olivença";27
"130395 São Sebastião do Uatumã";1
"130400 Silves";4
"130406 Tabatinga";31
"130410 Tapauá";10
"130420 Tefé";40
"130423 Tonantins";8
"130426 Uarini";2
"130430 Urucará";10
"130440 Urucurituba";3
"140005 Alto Alegre";27
"140002 Amajari";19
"140010 Boa Vista";111
"140015 Bonfim";8
"140017 Cantá";5
"140020 Caracaraí";32
"140023 Caroebe";5
"140028 Iracema";7
"140030 Mucajaí";6
"140040 Normandia";6
"140045 Pacaraima";9
"140047 Rorainópolis";9
"140050 São João da Baliza";2
"140060 São Luiz";2
"140070 Uiramutã";18
"150010 Abaetetuba";41
"150013 Abel Figueiredo";4
"150020 Acará";12
"150030 Afuá";19
"150034 Água Azul do Norte";3
"150040 Alenquer";30
"150050 Almeirim";8
"150060 Altamira";38
"150070 Anajás";8
"150080 Ananindeua";122
"150085 Anapu";13
"150090 Augusto Corrêa";17
"150095 Aurora do Pará";5
"150100 Aveiro";1
"150110 Bagre";14
"150120 Baião";11
"150130 Barcarena";33
"150140 Belém";282
"150145 Belterra";5
"150150 Benevides";11
"150157 Bom Jesus do Tocantins";2
"150160 Bonito";3
"150170 Bragança";38
"150172 Brasil Novo";3
"150175 Brejo Grande do Araguaia";1
"150178 Breu Branco";7
"150180 Breves";42
"150190 Bujaru";8
"150200 Cachoeira do Arari";7
"150195 Cachoeira do Piriá";2
"150210 Cametá";43
"150215 Canaã dos Carajás";18
"150220 Capanema";22
"150230 Capitão Poço";17
"150240 Castanhal";49
"150250 Chaves";4
"150260 Colares";3
"150270 Conceição do Araguaia";17
"150275 Concórdia do Pará";9
"150276 Cumaru do Norte";7
"150277 Curionópolis";5
"150280 Curralinho";8
"150285 Curuá";5
"150290 Curuçá";8
"150293 Dom Eliseu";5
"150295 Eldorado do Carajás";5
"150300 Faro";2
"150304 Floresta do Araguaia";6
"150307 Garrafão do Norte";6
"150309 Goianésia do Pará";4
"150310 Gurupá";6
"150320 Igarapé-Açu";6
"150330 Igarapé-Miri";10
"150340 Inhangapi";3
"150345 Ipixuna do Pará";6
"150350 Irituia";7
"150360 Itaituba";46
"150370 Itupiranga";9
"150375 Jacareacanga";10
"150380 Jacundá";4
"150390 Juruti";22
"150400 Limoeiro do Ajuru";7
"150405 Mãe do Rio";7
"150410 Magalhães Barata";1
"150420 Marabá";80
"150430 Maracanã";13
"150440 Marapanim";6
"150442 Marituba";19
"150445 Medicilândia";6
"150450 Melgaço";9
"150460 Mocajuba";10
"150470 Moju";15
"150475 Mojuí dos Campos";7
"150480 Monte Alegre";16
"150490 Muaná";12
"150495 Nova Esperança do Piriá";6
"150497 Nova Ipixuna";4
"150500 Nova Timboteua";1
"150503 Novo Progresso";14
"150506 Novo Repartimento";18
"150510 Óbidos";16
"150520 Oeiras do Pará";17
"150530 Oriximiná";23
"150540 Ourém";3
"150543 Ourilândia do Norte";14
"150548 Pacajá";9
"150549 Palestina do Pará";1
"150550 Paragominas";31
"150553 Parauapebas";51
"150555 Pau D'Arco";4
"150560 Peixe-Boi";2
"150563 Piçarra";5
"150565 Placas";2
"150570 Ponta de Pedras";7
"150580 Portel";21
"150590 Porto de Moz";12
"150600 Prainha";12
"150610 Primavera";3
"150611 Quatipuru";3
"150613 Redenção";23
"150616 Rio Maria";6
"150618 Rondon do Pará";11
"150619 Rurópolis";3
"150620 Salinópolis";11
"150630 Salvaterra";5
"150635 Santa Bárbara do Pará";6
"150640 Santa Cruz do Arari";1
"150650 Santa Izabel do Pará";12
"150655 Santa Luzia do Pará";4
"150658 Santa Maria das Barreiras";4
"150660 Santa Maria do Pará";3
"150670 Santana do Araguaia";4
"150680 Santarém";146
"150690 Santarém Novo";2
"150700 Santo Antônio do Tauá";7
"150710 São Caetano de Odivelas";1
"150715 São Domingos do Araguaia";8
"150720 São Domingos do Capim";6
"150730 São Félix do Xingu";27
"150740 São Francisco do Pará";5
"150745 São Geraldo do Araguaia";6
"150747 São João de Pirabas";3
"150750 São João do Araguaia";3
"150760 São Miguel do Guamá";13
"150770 São Sebastião da Boa Vista";5
"150775 Sapucaia";2
"150780 Senador José Porfírio";4
"150790 Soure";4
"150795 Tailândia";17
"150796 Terra Alta";2
"150797 Terra Santa";5
"150800 Tomé-Açu";17
"150803 Tracuateua";12
"150805 Trairão";4
"150808 Tucumã";11
"150810 Tucuruí";23
"150812 Ulianópolis";3
"150815 Uruará";10
"150820 Vigia";4
"150830 Viseu";18
"150835 Vitória do Xingu";10
"150840 Xinguara";13
"150000 Município ignorado - PA";1
"160010 Amapá";3
"160020 Calçoene";3
"160021 Cutias";1
"160023 Ferreira Gomes";2
"160025 Itaubal";2
"160027 Laranjal do Jari";11
"160030 Macapá";200
"160040 Mazagão";10
"160050 Oiapoque";14
"160015 Pedra Branca do Amapari";3
"160053 Porto Grande";4
"160060 Santana";29
"160070 Tartarugalzinho";3
"160080 Vitória do Jari";9
"170030 Aguiarnópolis";1
"170035 Aliança do Tocantins";1
"170040 Almas";1
"170070 Alvorada";2
"170100 Ananás";3
"170110 Aparecida do Rio Negro";2
"170130 Aragominas";1
"170190 Araguacema";1
"170210 Araguaína";53
"170215 Araguanã";2
"170220 Araguatins";6
"170230 Arapoema";1
"170240 Arraias";4
"170255 Augustinópolis";6
"170270 Aurora do Tocantins";1
"170290 Axixá do Tocantins";2
"170307 Barra do Ouro";2
"170389 Carrasco Bonito";3
"170390 Caseara";1
"170550 Colinas do Tocantins";5
"170555 Combinado";2
"170625 Crixás do Tocantins";1
"170700 Dianópolis";6
"170710 Divinópolis do Tocantins";1
"170740 Esperantina";5
"170770 Filadélfia";2
"170820 Formoso do Araguaia";5
"170825 Fortaleza do Tabocão";2
"170900 Goiatins";3
"170930 Guaraí";7
"170950 Gurupi";17
"171050 Itacajá";5
"171070 Itaguatins";1
"171110 Itaporã do Tocantins";1
"171180 Juarina";1
"171190 Lagoa da Confusão";4
"171195 Lagoa do Tocantins";1
"171200 Lajeado";1
"171240 Lizarda";1
"171245 Luzinópolis";1
"171270 Mateiros";1
"171320 Miracema do Tocantins";6
"171330 Miranorte";1
"171360 Monte do Carmo";1
"171370 Monte Santo do Tocantins";1
"171420 Natividade";1
"171488 Nova Olinda";4
"171500 Nova Rosalândia";1
"171510 Novo Acordo";1
"172100 Palmas";58
"171570 Palmeirante";1
"171610 Paraíso do Tocantins";7
"171620 Paranã";4
"171650 Pedro Afonso";3
"171660 Peixe";1
"171665 Pequizeiro";1
"171700 Pindorama do Tocantins";2
"171750 Pium";2
"171780 Ponte Alta do Bom Jesus";3
"171790 Ponte Alta do Tocantins";1
"171800 Porto Alegre do Tocantins";1
"171820 Porto Nacional";20
"171870 Rio dos Bois";1
"171875 Rio Sono";2
"171880 Sampaio";5
"171884 Sandolândia";1
"171886 Santa Fé do Araguaia";3
"171888 Santa Maria do Tocantins";1
"171889 Santa Rita do Tocantins";1
"171890 Santa Rosa do Tocantins";3
"172020 São Miguel do Tocantins";1
"172025 São Salvador do Tocantins";1
"172049 São Valério";1
"172065 Silvanópolis";3
"172080 Sítio Novo do Tocantins";1
"172093 Taipas do Tocantins";1
"172110 Tocantínia";1
"172120 Tocantinópolis";4
"172208 Wanderlândia";5
"172210 Xambioá";1
"170000 Município ignorado - TO";1
"210005 Açailândia";27
"210010 Afonso Cunha";2
"210015 Água Doce do Maranhão";4
"210020 Alcântara";2
"210030 Aldeias Altas";4
"210043 Alto Alegre do Maranhão";4
"210047 Alto Alegre do Pindaré";5
"210050 Alto Parnaíba";4
"210055 Amapá do Maranhão";1
"210060 Amarante do Maranhão";16
"210070 Anajatuba";5
"210080 Anapurus";5
"210083 Apicum-Açu";5
"210087 Araguanã";1
"210090 Araioses";8
"210095 Arame";18
"210100 Arari";6
"210110 Axixá";3
"210120 Bacabal";17
"210125 Bacabeira";2
"210130 Bacuri";1
"210135 Bacurituba";1
"210140 Balsas";41
"210150 Barão de Grajaú";2
"210160 Barra do Corda";32
"210170 Barreirinhas";22
"210177 Bela Vista do Maranhão";4
"210173 Belágua";2
"210180 Benedito Leite";1
"210190 Bequimão";6
"210197 Boa Vista do Gurupi";2
"210200 Bom Jardim";11
"210203 Bom Jesus das Selvas";11
"210207 Bom Lugar";2
"210210 Brejo";6
"210215 Brejo de Areia";4
"210220 Buriti";10
"210230 Buriti Bravo";5
"210232 Buriticupu";17
"210235 Buritirana";4
"210237 Cachoeira Grande";2
"210240 Cajapió";1
"210250 Cajari";2
"210255 Campestre do Maranhão";5
"210270 Cantanhede";4
"210275 Capinzal do Norte";4
"210280 Carolina";8
"210290 Carutapera";4
"210300 Caxias";28
"210310 Cedral";1
"210312 Central do Maranhão";4
"210315 Centro do Guilherme";3
"210317 Centro Novo do Maranhão";3
"210320 Chapadinha";20
"210325 Cidelândia";6
"210330 Codó";28
"210340 Coelho Neto";12
"210350 Colinas";9
"210355 Conceição do Lago-Açu";3
"210360 Coroatá";8
"210370 Cururupu";17
"210375 Davinópolis";2
"210380 Dom Pedro";6
"210390 Duque Bacelar";2
"210400 Esperantinópolis";1
"210405 Estreito";12
"210407 Feira Nova do Maranhão";2
"210408 Fernando Falcão";8
"210409 Formosa da Serra Negra";3
"210410 Fortaleza dos Nogueiras";4
"210420 Fortuna";2
"210430 Godofredo Viana";2
"210440 Gonçalves Dias";3
"210450 Governador Archer";1
"210455 Governador Edison Lobão";3
"210460 Governador Eugênio Barros";6
"210465 Governador Newton Bello";4
"210467 Governador Nunes Freire";9
"210480 Grajaú";37
"210490 Guimarães";3
"210500 Humberto de Campos";1
"210510 Icatu";1
"210515 Igarapé do Meio";3
"210520 Igarapé Grande";2
"210530 Imperatriz";55
"210535 Itaipava do Grajaú";5
"210540 Itapecuru Mirim";13
"210542 Itinga do Maranhão";5
"210547 Jenipapo dos Vieiras";10
"210550 João Lisboa";5
"210560 Joselândia";3
"210565 Junco do Maranhão";1
"210570 Lago da Pedra";13
"210594 Lago dos Rodrigues";1
"210590 Lago Verde";1
"210592 Lagoa do Mato";1
"210596 Lagoa Grande do Maranhão";1
"210598 Lajeado Novo";1
"210600 Lima Campos";5
"210610 Loreto";2
"210620 Luís Domingues";3
"210630 Magalhães de Almeida";6
"210632 Maracaçumé";2
"210635 Marajá do Sena";2
"210637 Maranhãozinho";3
"210640 Mata Roma";5
"210650 Matinha";12
"210660 Matões";8
"210663 Matões do Norte";1
"210670 Mirador";6
"210675 Miranda do Norte";5
"210680 Mirinzal";3
"210690 Monção";8
"210700 Montes Altos";1
"210710 Morros";5
"210720 Nina Rodrigues";2
"210725 Nova Colinas";1
"210730 Nova Iorque";1
"210735 Nova Olinda do Maranhão";2
"210740 Olho d'Água das Cunhãs";2
"210745 Olinda Nova do Maranhão";2
"210750 Paço do Lumiar";25
"210760 Palmeirândia";4
"210770 Paraibano";2
"210780 Parnarama";7
"210790 Passagem Franca";1
"210800 Pastos Bons";3
"210805 Paulino Neves";4
"210810 Paulo Ramos";3
"210820 Pedreiras";8
"210825 Pedro do Rosário";8
"210830 Penalva";12
"210840 Peri Mirim";1
"210845 Peritoró";3
"210850 Pindaré-Mirim";3
"210860 Pinheiro";28
"210870 Pio XII";2
"210880 Pirapemas";6
"210890 Poção de Pedras";2
"210900 Porto Franco";7
"210905 Porto Rico do Maranhão";1
"210910 Presidente Dutra";13
"210923 Presidente Médici";2
"210927 Presidente Sarney";10
"210930 Presidente Vargas";4
"210940 Primeira Cruz";4
"210945 Raposa";5
"210950 Riachão";3
"210955 Ribamar Fiquene";4
"210960 Rosário";15
"210975 Santa Filomena do Maranhão";1
"210980 Santa Helena";6
"210990 Santa Inês";21
"211000 Santa Luzia";19
"211003 Santa Luzia do Paruá";5
"211010 Santa Quitéria do Maranhão";4
"211020 Santa Rita";14
"211023 Santana do Maranhão";1
"211027 Santo Amaro do Maranhão";4
"211030 Santo Antônio dos Lopes";2
"211040 São Benedito do Rio Preto";8
"211050 São Bento";7
"211060 São Bernardo";5
"211065 São Domingos do Azeitão";3
"211070 São Domingos do Maranhão";5
"211085 São Francisco do Brejão";1
"211090 São Francisco do Maranhão";2
"211100 São João Batista";5
"211102 São João do Carú";5
"211105 São João do Paraíso";2
"211107 São João do Soter";1
"211110 São João dos Patos";6
"211120 São José de Ribamar";48
"211125 São José dos Basílios";2
"211130 São Luís";251
"211140 São Luís Gonzaga do Maranhão";6
"211150 São Mateus do Maranhão";13
"211153 São Pedro da Água Branca";1
"211157 São Pedro dos Crentes";1
"211160 São Raimundo das Mangabeiras";5
"211163 São Raimundo do Doca Bezerra";1
"211170 São Vicente Ferrer";4
"211172 Satubinha";3
"211174 Senador Alexandre Costa";5
"211176 Senador La Rocque";5
"211178 Serrano do Maranhão";2
"211180 Sítio Novo";3
"211190 Sucupira do Norte";2
"211210 Timbiras";5
"211220 Timon";45
"211223 Trizidela do Vale";7
"211230 Tuntum";7
"211240 Turiaçu";12
"211245 Turilândia";3
"211250 Tutóia";10
"211260 Urbano Santos";10
"211270 Vargem Grande";14
"211280 Viana";16
"211285 Vila Nova dos Martírios";2
"211290 Vitória do Mearim";11
"211300 Vitorino Freire";6
"211400 Zé Doca";10
"210000 Município ignorado - MA";8
"220005 Acauã";2
"220010 Agricolândia";1
"220020 Água Branca";7
"220025 Alagoinha do Piauí";1
"220027 Alegrete do Piauí";2
"220030 Alto Longá";1
"220040 Altos";12
"220045 Alvorada do Gurguéia";2
"220050 Amarante";6
"220060 Angical do Piauí";3
"220070 Anísio de Abreu";1
"220090 Aroazes";1
"220100 Arraial";1
"220105 Assunção do Piauí";3
"220115 Baixa Grande do Ribeiro";3
"220117 Barra D'Alcântara";1
"220120 Barras";7
"220140 Barro Duro";2
"220150 Batalha";6
"220155 Bela Vista do Piauí";2
"220160 Beneditinos";1
"220170 Bertolínia";4
"220173 Betânia do Piauí";1
"220177 Boa Hora";1
"220180 Bocaina";1
"220190 Bom Jesus";8
"220191 Bom Princípio do Piauí";1
"220198 Brejo do Piauí";1
"220200 Buriti dos Lopes";2
"220202 Buriti dos Montes";1
"220205 Cabeceiras do Piauí";2
"220207 Cajazeiras do Piauí";1
"220208 Cajueiro da Praia";3
"220211 Campo Alegre do Fidalgo";1
"220213 Campo Grande do Piauí";2
"220220 Campo Maior";7
"220225 Canavieira";1
"220230 Canto do Buriti";4
"220240 Capitão de Campos";3
"220245 Capitão Gervásio Oliveira";1
"220250 Caracol";3
"220253 Caraúbas do Piauí";1
"220255 Caridade do Piauí";1
"220260 Castelo do Piauí";4
"220265 Caxingó";3
"220270 Cocal";3
"220273 Coivaras";3
"220275 Colônia do Gurguéia";3
"220277 Colônia do Piauí";1
"220280 Conceição do Canindé";2
"220290 Corrente";5
"220300 Cristalândia do Piauí";3
"220310 Cristino Castro";2
"220320 Curimatá";2
"220323 Currais";1
"220327 Curral Novo do Piauí";2
"220325 Curralinhos";3
"220330 Demerval Lobão";3
"220335 Dirceu Arcoverde";1
"220340 Dom Expedito Lopes";1
"220345 Dom Inocêncio";4
"220342 Domingos Mourão";4
"220350 Elesbão Veloso";1
"220360 Eliseu Martins";1
"220370 Esperantina";11
"220375 Fartura do Piauí";2
"220380 Flores do Piauí";1
"220390 Floriano";11
"220400 Francinópolis";2
"220410 Francisco Ayres";1
"220415 Francisco Macedo";2
"220420 Francisco Santos";2
"220430 Fronteiras";7
"220435 Geminiano";1
"220440 Gilbués";2
"220450 Guadalupe";2
"220455 Guaribas";1
"220465 Ilha Grande";5
"220470 Inhuma";5
"220480 Ipiranga do Piauí";7
"220490 Isaías Coelho";3
"220500 Itainópolis";2
"220510 Itaueira";1
"220520 Jaicós";5
"220525 Jardim do Mulato";2
"220540 Joaquim Pires";3
"220545 Joca Marques";2
"220550 José de Freitas";18
"220551 Juazeiro do Piauí";1
"220552 Júlio Borges";3
"220555 Lagoa Alegre";1
"220557 Lagoa de São Francisco";2
"220556 Lagoa do Barro do Piauí";1
"220558 Lagoa do Piauí";1
"220570 Luís Correia";6
"220580 Luzilândia";6
"220585 Madeiro";3
"220590 Manoel Emídio";1
"220595 Marcolândia";4
"220600 Marcos Parente";3
"220605 Massapê do Piauí";1
"220610 Matias Olímpio";1
"220620 Miguel Alves";4
"220635 Milton Brandão";1
"220640 Monsenhor Gil";5
"220650 Monsenhor Hipólito";1
"220660 Monte Alegre do Piauí";3
"220665 Morro Cabeça no Tempo";1
"220667 Morro do Chapéu do Piauí";1
"220669 Murici dos Portelas";4
"220670 Nazaré do Piauí";4
"220672 Nazária";1
"220695 Novo Santo Antônio";1
"220700 Oeiras";4
"220720 Padre Marcos";2
"220735 Pajeú do Piauí";2
"220740 Palmeira do Piauí";3
"220750 Palmeirais";4
"220755 Paquetá";3
"220770 Parnaíba";35
"220777 Patos do Piauí";2
"220779 Pau D'Arco do Piauí";1
"220780 Paulistana";8
"220790 Pedro II";12
"220793 Pedro Laurentino";1
"220800 Picos";16
"220810 Pimenteiras";4
"220820 Pio IX";5
"220830 Piracuruca";8
"220840 Piripiri";10
"220850 Porto";3
"220865 Queimada Nova";1
"220870 Redenção do Gurguéia";3
"220880 Regeneração";4
"220887 Ribeira do Piauí";4
"220915 Santa Cruz dos Milagres";1
"220920 Santa Filomena";1
"220930 Santa Luz";3
"220937 Santa Rosa do Piauí";1
"220940 Santo Antônio de Lisboa";2
"220950 Santo Inácio do Piauí";1
"220965 São Francisco de Assis do Piauí";1
"220970 São Francisco do Piauí";1
"220980 São Gonçalo do Piauí";2
"220987 São João da Fronteira";1
"220990 São João da Serra";1
"220997 São João do Arraial";3
"221000 São João do Piauí";6
"221005 São José do Divino";1
"221020 São José do Piauí";1
"221030 São Julião";1
"221039 São Miguel do Fidalgo";3
"221040 São Miguel do Tapuio";3
"221050 São Pedro do Piauí";2
"221060 São Raimundo Nonato";16
"221062 Sebastião Barros";2
"221065 Sigefredo Pacheco";1
"221070 Simões";1
"221080 Simplício Mendes";5
"221100 Teresina";195
"221110 União";4
"221120 Uruçuí";10
"221130 Valença do Piauí";2
"221140 Várzea Grande";2
"221150 Vera Mendes";2
"230015 Acarape";8
"230020 Acaraú";18
"230030 Acopiara";8
"230040 Aiuaba";3
"230050 Alcântaras";3
"230070 Alto Santo";1
"230075 Amontada";9
"230080 Antonina do Norte";3
"230100 Aquiraz";17
"230110 Aracati";9
"230120 Aracoiaba";5
"230125 Ararendá";5
"230130 Araripe";7
"230140 Aratuba";1
"230150 Arneiroz";2
"230160 Assaré";4
"230170 Aurora";5
"230185 Banabuiú";2
"230190 Barbalha";15
"230195 Barreira";1
"230200 Barro";2
"230205 Barroquinha";3
"230210 Baturité";6
"230220 Beberibe";9
"230230 Bela Cruz";4
"230240 Boa Viagem";7
"230250 Brejo Santo";13
"230260 Camocim";13
"230270 Campos Sales";3
"230280 Canindé";20
"230290 Capistrano";6
"230300 Caridade";2
"230310 Cariré";3
"230320 Caririaçu";3
"230330 Cariús";1
"230340 Carnaubal";4
"230350 Cascavel";11
"230365 Catunda";4
"230370 Caucaia";68
"230380 Cedro";7
"230390 Chaval";5
"230393 Choró";6
"230395 Chorozinho";2
"230400 Coreaú";7
"230410 Crateús";17
"230420 Crato";23
"230423 Croatá";5
"230425 Cruz";7
"230428 Eusébio";7
"230430 Farias Brito";2
"230435 Forquilha";11
"230440 Fortaleza";410
"230445 Fortim";8
"230450 Frecheirinha";2
"230460 General Sampaio";3
"230470 Granja";8
"230490 Groaíras";1
"230495 Guaiúba";5
"230500 Guaraciaba do Norte";11
"230520 Hidrolândia";1
"230523 Horizonte";10
"230526 Ibaretama";4
"230530 Ibiapina";3
"230533 Ibicuitinga";1
"230540 Icó";7
"230550 Iguatu";17
"230560 Independência";7
"230565 Ipaporanga";1
"230570 Ipaumirim";2
"230580 Ipu";12
"230590 Ipueiras";6
"230600 Iracema";1
"230610 Irauçuba";6
"230620 Itaiçaba";1
"230625 Itaitinga";9
"230630 Itapagé";5
"230640 Itapipoca";29
"230650 Itapiúna";4
"230655 Itarema";6
"230660 Itatira";9
"230670 Jaguaretama";1
"230680 Jaguaribara";2
"230690 Jaguaribe";5
"230700 Jaguaruana";2
"230710 Jardim";5
"230725 Jijoca de Jericoacoara";5
"230730 Juazeiro do Norte";64
"230740 Jucás";6
"230750 Lavras da Mangabeira";2
"230760 Limoeiro do Norte";10
"230763 Madalena";3
"230765 Maracanaú";41
"230770 Maranguape";18
"230780 Marco";3
"230790 Martinópole";1
"230800 Massapê";10
"230810 Mauriti";12
"230820 Meruoca";3
"230835 Milhã";5
"230837 Miraíma";3
"230840 Missão Velha";12
"230850 Mombaça";10
"230860 Monsenhor Tabosa";7
"230870 Morada Nova";5
"230880 Moraújo";4
"230890 Morrinhos";7
"230900 Mucambo";3
"230910 Mulungu";1
"230920 Nova Olinda";6
"230930 Nova Russas";6
"230940 Novo Oriente";5
"230945 Ocara";3
"230950 Orós";1
"230960 Pacajus";14
"230970 Pacatuba";9
"231000 Palhano";3
"231020 Paracuru";5
"231025 Paraipaba";6
"231030 Parambu";3
"231040 Paramoti";1
"231050 Pedra Branca";7
"231060 Penaforte";2
"231070 Pentecoste";9
"231080 Pereiro";2
"231085 Pindoretama";4
"231090 Piquet Carneiro";1
"231100 Poranga";1
"231110 Porteiras";3
"231123 Potiretama";1
"231126 Quiterianópolis";4
"231130 Quixadá";12
"231135 Quixelô";4
"231140 Quixeramobim";21
"231150 Quixeré";3
"231160 Redenção";4
"231170 Reriutaba";9
"231180 Russas";11
"231190 Saboeiro";2
"231195 Salitre";5
"231220 Santa Quitéria";8
"231200 Santana do Acaraú";6
"231210 Santana do Cariri";1
"231230 São Benedito";6
"231240 São Gonçalo do Amarante";12
"231250 São João do Jaguaribe";1
"231260 São Luís do Curu";1
"231270 Senador Pompeu";4
"231290 Sobral";32
"231300 Solonópole";5
"231310 Tabuleiro do Norte";4
"231320 Tamboril";8
"231325 Tarrafas";1
"231330 Tauá";7
"231335 Tejuçuoca";4
"231340 Tianguá";18
"231350 Trairi";9
"231355 Tururu";4
"231360 Ubajara";12
"231370 Umari";1
"231375 Umirim";5
"231380 Uruburetama";4
"231390 Uruoca";4
"231395 Varjota";4
"231400 Várzea Alegre";6
"231410 Viçosa do Ceará";14
"240020 Açu";10
"240030 Afonso Bezerra";2
"240050 Alexandria";2
"240070 Alto do Rodrigues";1
"240090 Antônio Martins";2
"240100 Apodi";8
"240110 Areia Branca";6
"240120 Arês";2
"240140 Baía Formosa";1
"240145 Baraúna";4
"240165 Bodó";1
"240170 Bom Jesus";1
"240180 Brejinho";4
"240200 Caicó";10
"240210 Campo Redondo";3
"240220 Canguaretama";4
"240230 Caraúbas";3
"240240 Carnaúba dos Dantas";2
"240260 Ceará-Mirim";15
"240270 Cerro Corá";2
"240300 Cruzeta";1
"240310 Currais Novos";7
"240330 Encanto";2
"240340 Equador";1
"240350 Espírito Santo";1
"240360 Extremoz";16
"240370 Felipe Guerra";1
"240380 Florânia";1
"240410 Galinhos";1
"240420 Goianinha";4
"240430 Governador Dix-Sept Rosado";1
"240450 Guamaré";1
"240460 Ielmo Marinho";2
"240470 Ipanguaçu";3
"240485 Itajá";2
"240500 Jaçanã";1
"240520 Janduís";1
"240530 Januário Cicco";1
"240550 Jardim de Angicos";3
"240570 Jardim do Seridó";2
"240580 João Câmara";3
"240590 João Dias";1
"240600 José da Penha";4
"240610 Jucurutu";4
"240630 Lagoa de Pedras";1
"240640 Lagoa de Velhos";2
"240650 Lagoa Nova";6
"240660 Lagoa Salgada";1
"240670 Lajes";2
"240680 Lajes Pintadas";1
"240700 Luís Gomes";2
"240710 Macaíba";12
"240720 Macau";4
"240725 Major Sales";1
"240730 Marcelino Vieira";3
"240750 Maxaranguape";2
"240760 Messias Targino";1
"240770 Montanhas";4
"240780 Monte Alegre";3
"240800 Mossoró";40
"240810 Natal";135
"240820 Nísia Floresta";3
"240830 Nova Cruz";7
"240860 Paraná";2
"240880 Parazinho";2
"240890 Parelhas";5
"240325 Parnamirim";47
"240910 Passa e Fica";3
"240930 Patu";1
"240940 Pau dos Ferros";6
"240950 Pedra Grande";1
"240970 Pedro Avelino";2
"240980 Pedro Velho";1
"240990 Pendências";1
"241000 Pilões";2
"241010 Poço Branco";1
"241020 Portalegre";3
"241040 Pureza";2
"241050 Rafael Fernandes";2
"241070 Riacho da Cruz";1
"241090 Riachuelo";2
"241100 Rodolfo Fernandes";2
"241110 Ruy Barbosa";2
"241120 Santa Cruz";6
"241140 Santana do Matos";2
"241142 Santana do Seridó";1
"241150 Santo Antônio";2
"241170 São Bento do Trairí";1
"241190 São Francisco do Oeste";1
"241200 São Gonçalo do Amarante";17
"241220 São José de Mipibu";9
"241230 São José do Campestre";2
"241250 São Miguel";7
"241255 São Miguel do Gostoso";1
"241260 São Paulo do Potengi";2
"241270 São Pedro";1
"241280 São Rafael";1
"241300 São Vicente";1
"241310 Senador Elói de Souza";1
"241320 Senador Georgino Avelino";4
"241335 Serra do Mel";1
"241350 Serrinha";1
"241355 Serrinha dos Pintos";1
"241360 Severiano Melo";2
"241370 Sítio Novo";1
"241380 Taboleiro Grande";2
"241390 Taipu";2
"241415 Tenente Laurentino Cruz";2
"241105 Tibau";2
"241420 Tibau do Sul";6
"241430 Timbaúba dos Batistas";1
"241440 Touros";12
"241450 Umarizal";1
"241460 Upanema";2
"241475 Venha-Ver";1
"241480 Vera Cruz";2
"241490 Viçosa";1
"250010 Água Branca";1
"250020 Aguiar";1
"250030 Alagoa Grande";5
"250040 Alagoa Nova";1
"250050 Alagoinha";4
"250053 Alcantil";2
"250060 Alhandra";3
"250077 Aparecida";2
"250080 Araçagi";2
"250090 Arara";1
"250100 Araruna";3
"250110 Areia";4
"250120 Areial";2
"250130 Aroeiras";5
"250135 Assunção";1
"250140 Baía da Traição";1
"250150 Bananeiras";4
"250153 Baraúna";1
"250160 Barra de Santa Rosa";2
"250157 Barra de Santana";3
"250170 Barra de São Miguel";2
"250180 Bayeux";18
"250190 Belém";3
"250200 Belém do Brejo do Cruz";3
"250210 Boa Ventura";3
"250215 Boa Vista";1
"250230 Bom Sucesso";2
"250240 Bonito de Santa Fé";3
"250250 Boqueirão";2
"250270 Borborema";1
"250280 Brejo do Cruz";1
"250300 Caaporã";2
"250320 Cabedelo";16
"250330 Cachoeira dos Índios";1
"250340 Cacimba de Areia";1
"250350 Cacimba de Dentro";1
"250355 Cacimbas";1
"250360 Caiçara";2
"250370 Cajazeiras";13
"250380 Caldas Brandão";1
"250400 Campina Grande";76
"250403 Capim";2
"250407 Caraúbas";2
"250410 Carrapateira";2
"250415 Casserengue";1
"250420 Catingueira";2
"250430 Catolé do Rocha";10
"250435 Caturité";1
"250440 Conceição";4
"250460 Conde";14
"250480 Coremas";4
"250485 Coxixola";1
"250490 Cruz do Espírito Santo";7
"250500 Cubati";3
"250510 Cuité";1
"250523 Cuité de Mamanguape";2
"250520 Cuitegi";1
"250535 Damião";1
"250540 Desterro";1
"250580 Duas Estradas";1
"250590 Emas";1
"250600 Esperança";4
"250610 Fagundes";2
"250625 Gado Bravo";3
"250630 Guarabira";9
"250640 Gurinhém";2
"250660 Ibiara";1
"250260 Igaracy";3
"250670 Imaculada";2
"250690 Itabaiana";2
"250700 Itaporanga";9
"250710 Itapororoca";2
"250720 Itatuba";1
"250730 Jacaraú";1
"250740 Jericó";1
"250750 João Pessoa";131
"250770 Juazeirinho";4
"250780 Junco do Seridó";1
"250790 Juripiranga";1
"250800 Juru";3
"250810 Lagoa";2
"250830 Lagoa Seca";5
"250850 Livramento";2
"250855 Logradouro";1
"250860 Lucena";2
"250870 Mãe d'Água";1
"250890 Mamanguape";10
"250900 Manaíra";3
"250905 Marcação";2
"250910 Mari";1
"250920 Massaranduba";4
"250930 Mataraca";5
"250939 Maturéia";1
"250940 Mogeiro";3
"250950 Montadas";2
"250970 Monteiro";17
"250980 Mulungu";2
"250990 Natuba";1
"251010 Nova Floresta";1
"251030 Nova Palmeira";2
"251040 Olho d'Água";1
"251050 Olivedos";1
"251080 Patos";10
"251110 Pedra Lavrada";1
"251120 Pedras de Fogo";5
"251272 Pedro Régis";1
"251130 Piancó";1
"251140 Picuí";4
"251150 Pilar";1
"251160 Pilões";2
"251170 Pilõezinhos";1
"251190 Pitimbu";1
"251200 Pocinhos";3
"251210 Pombal";4
"251220 Prata";1
"251230 Princesa Isabel";3
"251240 Puxinanã";3
"251250 Queimadas";11
"251260 Quixabá";1
"251270 Remígio";2
"251275 Riachão do Bacamarte";1
"251278 Riacho de Santo Antônio";1
"251280 Riacho dos Cavalos";6
"251290 Rio Tinto";1
"251300 Salgadinho";1
"251310 Salgado de São Félix";2
"251315 Santa Cecília";3
"251320 Santa Cruz";2
"251330 Santa Helena";1
"251340 Santa Luzia";2
"251370 Santa Rita";32
"251380 Santa Teresinha";3
"251360 Santana dos Garrotes";1
"251390 São Bento";6
"251398 São Francisco";1
"251400 São João do Cariri";4
"250070 São João do Rio do Peixe";1
"251420 São José da Lagoa Tapada";1
"251430 São José de Caiana";1
"251440 São José de Espinharas";2
"251450 São José de Piranhas";5
"251460 São José do Bonfim";1
"251465 São José do Brejo do Cruz";1
"251445 São José dos Ramos";1
"251500 São Miguel de Taipu";1
"251510 São Sebastião de Lagoa de Roça";3
"251540 São Vicente do Seridó";2
"251530 Sapé";7
"251550 Serra Branca";2
"251590 Serraria";1
"251593 Sertãozinho";1
"251597 Sobrado";1
"251600 Solânea";7
"251610 Soledade";1
"251615 Sossêgo";2
"251620 Sousa";5
"251630 Sumé";3
"251640 Tacima";1
"251650 Taperoá";5
"251660 Tavares";1
"251670 Teixeira";4
"251690 Uiraúna";2
"251700 Umbuzeiro";4
"251740 Zabelê";2
"260005 Abreu e Lima";17
"260010 Afogados da Ingazeira";6
"260020 Afrânio";7
"260030 Agrestina";6
"260040 Água Preta";5
"260050 Águas Belas";11
"260070 Aliança";6
"260080 Altinho";2
"260100 Angelim";3
"260105 Araçoiaba";2
"260110 Araripina";33
"260120 Arcoverde";16
"260130 Barra de Guabiraba";1
"260140 Barreiros";12
"260150 Belém de Maria";3
"260160 Belém do São Francisco";5
"260170 Belo Jardim";19
"260180 Betânia";3
"260190 Bezerros";9
"260200 Bodocó";12
"260210 Bom Conselho";11
"260220 Bom Jardim";8
"260230 Bonito";6
"260240 Brejão";2
"260260 Brejo da Madre de Deus";8
"260280 Buíque";18
"260290 Cabo de Santo Agostinho";33
"260300 Cabrobó";7
"260310 Cachoeirinha";3
"260320 Caetés";5
"260345 Camaragibe";23
"260350 Camocim de São Félix";2
"260370 Canhotinho";3
"260380 Capoeiras";2
"260390 Carnaíba";3
"260392 Carnaubeira da Penha";5
"260400 Carpina";15
"260410 Caruaru";64
"260415 Casinhas";1
"260420 Catende";9
"260430 Cedro";3
"260440 Chã de Alegria";3
"260450 Chã Grande";3
"260460 Condado";2
"260470 Correntes";4
"260480 Cortês";2
"260490 Cumaru";2
"260500 Cupira";3
"260510 Custódia";7
"260515 Dormentes";5
"260520 Escada";13
"260530 Exu";5
"260540 Feira Nova";4
"260560 Flores";3
"260570 Floresta";10
"260580 Frei Miguelinho";4
"260590 Gameleira";4
"260600 Garanhuns";32
"260610 Glória do Goitá";4
"260620 Goiana";14
"260630 Granito";1
"260640 Gravatá";11
"260650 Iati";5
"260660 Ibimirim";3
"260670 Ibirajuba";1
"260680 Igarassu";21
"260690 Iguaracy";1
"260760 Ilha de Itamaracá";5
"260700 Inajá";6
"260710 Ingazeira";1
"260720 Ipojuca";21
"260730 Ipubi";11
"260750 Itaíba";5
"260765 Itambé";4
"260770 Itapetim";1
"260775 Itapissuma";3
"260780 Itaquitinga";2
"260790 Jaboatão dos Guararapes";117
"260795 Jaqueira";2
"260800 Jataúba";3
"260805 Jatobá";6
"260810 João Alfredo";5
"260820 Joaquim Nabuco";3
"260825 Jucati";3
"260830 Jupi";7
"260840 Jurema";2
"260850 Lagoa de Itaenga";4
"260845 Lagoa do Carro";3
"260860 Lagoa do Ouro";3
"260870 Lagoa dos Gatos";1
"260875 Lagoa Grande";3
"260880 Lajedo";9
"260890 Limoeiro";11
"260900 Macaparana";2
"260910 Machados";3
"260915 Manari";7
"260920 Maraial";1
"260930 Mirandiba";2
"261430 Moreilândia";2
"260940 Moreno";9
"260950 Nazaré da Mata";4
"260960 Olinda";59
"260970 Orobó";5
"260980 Orocó";2
"260990 Ouricuri";13
"261000 Palmares";9
"261010 Palmeirina";2
"261020 Panelas";3
"261030 Paranatama";2
"261040 Parnamirim";3
"261050 Passira";4
"261060 Paudalho";9
"261070 Paulista";61
"261080 Pedra";2
"261090 Pesqueira";16
"261100 Petrolândia";8
"261110 Petrolina";100
"261120 Poção";2
"261130 Pombos";5
"261140 Primavera";2
"261150 Quipapá";3
"261160 Recife";234
"261170 Riacho das Almas";4
"261180 Ribeirão";4
"261190 Rio Formoso";5
"261200 Sairé";5
"261210 Salgadinho";2
"261220 Salgueiro";19
"261230 Saloá";6
"261240 Sanharó";9
"261245 Santa Cruz";2
"261247 Santa Cruz da Baixa Verde";2
"261250 Santa Cruz do Capibaribe";19
"261255 Santa Filomena";2
"261260 Santa Maria da Boa Vista";11
"261270 Santa Maria do Cambucá";5
"261280 Santa Terezinha";2
"261290 São Benedito do Sul";1
"261300 São Bento do Una";10
"261310 São Caitano";9
"261320 São João";3
"261330 São Joaquim do Monte";3
"261340 São José da Coroa Grande";6
"261350 São José do Belmonte";7
"261360 São José do Egito";8
"261370 São Lourenço da Mata";14
"261380 São Vicente Ferrer";2
"261390 Serra Talhada";18
"261400 Serrita";3
"261410 Sertânia";4
"261420 Sirinhaém";6
"261450 Surubim";11
"261460 Tabira";3
"261470 Tacaimbó";5
"261480 Tacaratu";4
"261485 Tamandaré";9
"261500 Taquaritinga do Norte";9
"261510 Terezinha";2
"261530 Timbaúba";4
"261540 Toritama";15
"261550 Tracunhaém";2
"261560 Trindade";13
"261570 Triunfo";4
"261580 Tupanatinga";8
"261590 Tuparetama";2
"261600 Venturosa";5
"261610 Verdejante";1
"261618 Vertente do Lério";2
"261620 Vertentes";2
"261630 Vicência";5
"261640 Vitória de Santo Antão";22
"261650 Xexéu";2
"260000 Município ignorado - PE";2
"270010 Água Branca";5
"270020 Anadia";4
"270030 Arapiraca";64
"270040 Atalaia";8
"270050 Barra de Santo Antônio";6
"270060 Barra de São Miguel";1
"270070 Batalha";2
"270080 Belém";1
"270090 Belo Monte";1
"270100 Boca da Mata";1
"270110 Branquinha";2
"270120 Cacimbinhas";3
"270130 Cajueiro";7
"270135 Campestre";2
"270140 Campo Alegre";7
"270150 Campo Grande";1
"270160 Canapi";5
"270170 Capela";3
"270180 Carneiros";4
"270190 Chã Preta";2
"270210 Colônia Leopoldina";3
"270230 Coruripe";10
"270235 Craíbas";5
"270240 Delmiro Gouveia";10
"270250 Dois Riachos";4
"270260 Feira Grande";5
"270280 Flexeiras";3
"270290 Girau do Ponciano";4
"270300 Ibateguara";3
"270310 Igaci";7
"270320 Igreja Nova";1
"270330 Inhapi";6
"270340 Jacaré dos Homens";1
"270350 Jacuípe";1
"270360 Japaratinga";1
"270370 Jaramataia";2
"270375 Jequiá da Praia";2
"270380 Joaquim Gomes";1
"270400 Junqueiro";4
"270410 Lagoa da Canoa";5
"270420 Limoeiro de Anadia";6
"270430 Maceió";202
"270440 Major Isidoro";4
"270450 Maragogi";4
"270460 Maravilha";5
"270470 Marechal Deodoro";11
"270480 Maribondo";2
"270500 Mata Grande";6
"270510 Matriz de Camaragibe";5
"270520 Messias";4
"270540 Monteirópolis";1
"270550 Murici";3
"270560 Novo Lino";1
"270570 Olho d'Água das Flores";5
"270580 Olho d'Água do Casado";3
"270590 Olho d'Água Grande";3
"270600 Olivença";5
"270610 Ouro Branco";3
"270620 Palestina";2
"270630 Palmeira dos Índios";12
"270640 Pão de Açúcar";3
"270642 Pariconha";5
"270644 Paripueira";2
"270650 Passo de Camaragibe";3
"270660 Paulo Jacinto";1
"270670 Penedo";12
"270680 Piaçabuçu";2
"270690 Pilar";9
"270710 Piranhas";5
"270720 Poço das Trincheiras";4
"270730 Porto Calvo";1
"270740 Porto de Pedras";1
"270750 Porto Real do Colégio";1
"270770 Rio Largo";19
"270780 Roteiro";4
"270790 Santa Luzia do Norte";3
"270800 Santana do Ipanema";10
"270810 Santana do Mundaú";3
"270830 São José da Laje";3
"270840 São José da Tapera";7
"270850 São Luís do Quitunde";10
"270860 São Miguel dos Campos";13
"270880 São Sebastião";11
"270910 Taquarana";1
"270915 Teotônio Vilela";8
"270920 Traipu";5
"270930 União dos Palmares";14
"270940 Viçosa";3
"270000 Município ignorado - AL";1
"280010 Amparo de São Francisco";2
"280020 Aquidabã";3
"280030 Aracaju";170
"280050 Areia Branca";7
"280060 Barra dos Coqueiros";12
"280067 Boquim";2
"280070 Brejo Grande";2
"280100 Campo do Brito";6
"280110 Canhoba";2
"280120 Canindé de São Francisco";9
"280130 Capela";10
"280140 Carira";4
"280150 Carmópolis";4
"280160 Cedro de São João";1
"280170 Cristinápolis";7
"280200 Divina Pastora";1
"280210 Estância";14
"280220 Feira Nova";3
"280230 Frei Paulo";4
"280240 Gararu";5
"280250 General Maynard";1
"280260 Gracho Cardoso";1
"280270 Ilha das Flores";3
"280280 Indiaroba";6
"280290 Itabaiana";21
"280300 Itabaianinha";7
"280310 Itabi";2
"280320 Itaporanga d'Ajuda";12
"280330 Japaratuba";2
"280340 Japoatã";2
"280350 Lagarto";19
"280360 Laranjeiras";5
"280370 Macambira";4
"280380 Malhada dos Bois";2
"280390 Malhador";2
"280400 Maruim";2
"280410 Moita Bonita";1
"280420 Monte Alegre de Sergipe";5
"280430 Muribeca";2
"280440 Neópolis";4
"280445 Nossa Senhora Aparecida";2
"280450 Nossa Senhora da Glória";5
"280460 Nossa Senhora das Dores";2
"280480 Nossa Senhora do Socorro";69
"280490 Pacatuba";1
"280510 Pedrinhas";4
"280520 Pinhão";2
"280530 Pirambu";1
"280540 Poço Redondo";8
"280550 Poço Verde";5
"280560 Porto da Folha";5
"280570 Propriá";10
"280580 Riachão do Dantas";1
"280590 Riachuelo";1
"280600 Ribeirópolis";2
"280610 Rosário do Catete";3
"280620 Salgado";3
"280630 Santa Luzia do Itanhy";3
"280640 Santana do São Francisco";3
"280660 Santo Amaro das Brotas";1
"280670 São Cristóvão";35
"280680 São Domingos";3
"280700 São Miguel do Aleixo";2
"280710 Simão Dias";5
"280720 Siriri";4
"280730 Telha";3
"280740 Tobias Barreto";13
"280750 Tomar do Geru";2
"280760 Umbaúba";7
"290010 Abaíra";3
"290020 Abaré";5
"290030 Acajutiba";7
"290035 Adustina";2
"290040 Água Fria";1
"290060 Aiquara";1
"290070 Alagoinhas";34
"290080 Alcobaça";5
"290100 Amargosa";8
"290110 Amélia Rodrigues";4
"290115 América Dourada";6
"290120 Anagé";3
"290130 Andaraí";5
"290135 Andorinha";6
"290140 Angical";4
"290150 Anguera";5
"290160 Antas";4
"290170 Antônio Cardoso";3
"290190 Aporá";8
"290205 Araças";2
"290200 Aracatu";2
"290210 Araci";16
"290220 Aramari";3
"290225 Arataca";2
"290230 Aratuípe";5
"290240 Aurelino Leal";6
"290250 Baianópolis";3
"290260 Baixa Grande";1
"290265 Banzaê";5
"290270 Barra";17
"290280 Barra da Estiva";3
"290290 Barra do Choça";11
"290300 Barra do Mendes";3
"290310 Barra do Rocha";1
"290320 Barreiras";33
"290323 Barro Alto";5
"290330 Barro Preto";4
"290327 Barrocas";6
"290340 Belmonte";1
"290350 Belo Campo";4
"290360 Biritinga";2
"290370 Boa Nova";4
"290390 Bom Jesus da Lapa";20
"290395 Bom Jesus da Serra";2
"290400 Boninal";2
"290405 Bonito";2
"290410 Boquira";5
"290420 Botuporã";3
"290430 Brejões";3
"290440 Brejolândia";2
"290450 Brotas de Macaúbas";5
"290460 Brumado";19
"290470 Buerarema";4
"290475 Buritirama";4
"290485 Cabaceiras do Paraguaçu";4
"290490 Cachoeira";6
"290500 Caculé";5
"290510 Caém";2
"290515 Caetanos";2
"290520 Caetité";13
"290530 Cafarnaum";7
"290540 Cairu";4
"290550 Caldeirão Grande";2
"290560 Camacan";3
"290570 Camaçari";77
"290580 Camamu";8
"290590 Campo Alegre de Lourdes";8
"290600 Campo Formoso";23
"290610 Canápolis";2
"290620 Canarana";12
"290630 Canavieiras";7
"290640 Candeal";2
"290650 Candeias";16
"290660 Candiba";3
"290670 Cândido Sales";4
"290680 Cansanção";12
"290682 Canudos";1
"290685 Capela do Alto Alegre";1
"290687 Capim Grosso";1
"290689 Caraíbas";1
"290690 Caravelas";3
"290710 Carinhanha";7
"290720 Casa Nova";16
"290730 Castro Alves";6
"290740 Catolândia";2
"290750 Catu";11
"290755 Caturama";2
"290760 Central";4
"290780 Cícero Dantas";7
"290790 Cipó";5
"290800 Coaraci";4
"290810 Cocos";2
"290820 Conceição da Feira";6
"290830 Conceição do Almeida";3
"290840 Conceição do Coité";15
"290850 Conceição do Jacuípe";3
"290860 Conde";3
"290890 Coração de Maria";4
"290920 Coronel João Sá";4
"290930 Correntina";5
"290940 Cotegipe";2
"290950 Cravolândia";3
"290960 Crisópolis";3
"290980 Cruz das Almas";8
"290990 Curaçá";9
"291000 Dário Meira";3
"291005 Dias d'Ávila";18
"291010 Dom Basílio";2
"291020 Dom Macedo Costa";1
"291040 Encruzilhada";4
"291050 Entre Rios";8
"290050 Érico Cardoso";3
"291060 Esplanada";5
"291070 Euclides da Cunha";13
"291072 Eunápolis";25
"291075 Fátima";4
"291077 Feira da Mata";1
"291080 Feira de Santana";147
"291085 Filadélfia";7
"291090 Firmino Alves";2
"291100 Floresta Azul";4
"291110 Formosa do Rio Preto";7
"291120 Gandu";5
"291125 Gavião";2
"291130 Gentio do Ouro";1
"291140 Glória";4
"291160 Governador Mangabeira";4
"291165 Guajeru";1
"291170 Guanambi";20
"291180 Guaratinga";2
"291185 Heliópolis";2
"291190 Iaçu";6
"291200 Ibiassucê";1
"291210 Ibicaraí";3
"291220 Ibicoara";9
"291230 Ibicuí";3
"291240 Ibipeba";2
"291250 Ibipitanga";3
"291270 Ibirapitanga";9
"291280 Ibirapuã";2
"291290 Ibirataia";5
"291300 Ibitiara";7
"291310 Ibititá";3
"291320 Ibotirama";6
"291330 Ichu";1
"291340 Igaporã";1
"291345 Igrapiúna";1
"291350 Iguaí";3
"291360 Ilhéus";44
"291370 Inhambupe";5
"291380 Ipecaetá";1
"291390 Ipiaú";7
"291400 Ipirá";13
"291410 Ipupiara";3
"291420 Irajuba";2
"291430 Iramaia";1
"291440 Iraquara";6
"291450 Irará";3
"291460 Irecê";15
"291465 Itabela";6
"291470 Itaberaba";18
"291480 Itabuna";50
"291490 Itacaré";5
"291500 Itaeté";4
"291510 Itagi";2
"291520 Itagibá";2
"291530 Itagimirim";1
"291535 Itaguaçu da Bahia";3
"291540 Itaju do Colônia";1
"291550 Itajuípe";4
"291560 Itamaraju";19
"291570 Itamari";1
"291580 Itambé";6
"291600 Itanhém";1
"291610 Itaparica";2
"291620 Itapé";6
"291630 Itapebi";3
"291640 Itapetinga";23
"291650 Itapicuru";7
"291660 Itapitanga";4
"291680 Itarantim";4
"291685 Itatim";1
"291700 Itiúba";4
"291710 Itororó";2
"291720 Ituaçu";1
"291730 Ituberá";2
"291733 Iuiú";1
"291735 Jaborandi";2
"291740 Jacaraci";5
"291750 Jacobina";18
"291760 Jaguaquara";10
"291770 Jaguarari";6
"291780 Jaguaripe";2
"291790 Jandaíra";4
"291800 Jequié";31
"291810 Jeremoabo";11
"291820 Jiquiriçá";6
"291830 Jitaúna";4
"291835 João Dourado";4
"291840 Juazeiro";74
"291845 Jucuruçu";2
"291850 Jussara";8
"291855 Jussari";3
"291870 Lafaiete Coutinho";1
"291875 Lagoa Real";2
"291880 Laje";6
"291915 Lapão";10
"291920 Lauro de Freitas";36
"291930 Lençóis";3
"291940 Licínio de Almeida";1
"291950 Livramento de Nossa Senhora";7
"291955 Luís Eduardo Magalhães";26
"291970 Macarani";3
"291980 Macaúbas";11
"291990 Macururé";1
"291992 Madre de Deus";6
"291995 Maetinga";3
"292000 Maiquinique";2
"292010 Mairi";6
"292020 Malhada";2
"292040 Manoel Vitorino";5
"292045 Mansidão";2
"292050 Maracás";8
"292060 Maragogipe";5
"292070 Maraú";5
"292080 Marcionílio Souza";2
"292090 Mascote";4
"292100 Mata de São João";9
"292105 Matina";1
"292110 Medeiros Neto";3
"292120 Miguel Calmon";9
"292140 Mirangaba";4
"292145 Mirante";1
"292150 Monte Santo";14
"292160 Morpará";3
"292170 Morro do Chapéu";10
"292180 Mortugaba";4
"292190 Mucugê";3
"292200 Mucuri";6
"292205 Mulungu do Morro";3
"292210 Mundo Novo";2
"292220 Muniz Ferreira";3
"292225 Muquém de São Francisco";3
"292230 Muritiba";6
"292240 Mutuípe";3
"292250 Nazaré";5
"292260 Nilo Peçanha";3
"292265 Nordestina";5
"292270 Nova Canaã";3
"292273 Nova Fátima";1
"292280 Nova Itarana";2
"292285 Nova Redenção";2
"292290 Nova Soure";10
"292300 Nova Viçosa";7
"292303 Novo Horizonte";2
"292305 Novo Triunfo";1
"292310 Olindina";7
"292320 Oliveira dos Brejinhos";6
"292330 Ouriçangas";2
"292335 Ourolândia";4
"292350 Palmeiras";3
"292360 Paramirim";1
"292370 Paratinga";8
"292380 Paripiranga";5
"292400 Paulo Afonso";25
"292410 Pedrão";1
"292420 Pedro Alexandre";4
"292430 Piatã";4
"292440 Pilão Arcado";11
"292450 Pindaí";2
"292460 Pindobaçu";4
"292465 Pintadas";1
"292467 Piraí do Norte";2
"292470 Piripá";2
"292480 Piritiba";3
"292490 Planaltino";1
"292500 Planalto";8
"292510 Poções";5
"292520 Pojuca";9
"292525 Ponto Novo";6
"292530 Porto Seguro";42
"292540 Potiraguá";3
"292550 Prado";8
"292560 Presidente Dutra";5
"292570 Presidente Jânio Quadros";2
"292575 Presidente Tancredo Neves";4
"292580 Queimadas";2
"292590 Quijingue";3
"292593 Quixabeira";1
"292595 Rafael Jambeiro";2
"292600 Remanso";13
"292610 Retirolândia";2
"292620 Riachão das Neves";3
"292630 Riachão do Jacuípe";5
"292640 Riacho de Santana";3
"292650 Ribeira do Amparo";2
"292660 Ribeira do Pombal";12
"292665 Ribeirão do Largo";2
"292670 Rio de Contas";1
"292680 Rio do Antônio";1
"292690 Rio do Pires";1
"292700 Rio Real";5
"292710 Rodelas";4
"292720 Ruy Barbosa";10
"292730 Salinas da Margarida";6
"292740 Salvador";548
"292750 Santa Bárbara";2
"292760 Santa Brígida";4
"292770 Santa Cruz Cabrália";7
"292790 Santa Inês";4
"292805 Santa Luzia";4
"292810 Santa Maria da Vitória";5
"292840 Santa Rita de Cássia";9
"292850 Santa Teresinha";3
"292800 Santaluz";7
"292820 Santana";1
"292830 Santanópolis";1
"292860 Santo Amaro";6
"292870 Santo Antônio de Jesus";25
"292880 Santo Estêvão";3
"292890 São Desidério";12
"292895 São Domingos";2
"292910 São Felipe";4
"292900 São Félix";3
"292905 São Félix do Coribe";2
"292920 São Francisco do Conde";10
"292925 São Gabriel";3
"292930 São Gonçalo dos Campos";6
"292935 São José da Vitória";3
"292937 São José do Jacuípe";3
"292940 São Miguel das Matas";1
"292950 São Sebastião do Passé";10
"292960 Sapeaçu";4
"292970 Sátiro Dias";3
"292975 Saubara";2
"292980 Saúde";2
"292990 Seabra";13
"293000 Sebastião Laranjeiras";5
"293010 Senhor do Bonfim";19
"293020 Sento Sé";12
"293015 Serra do Ramalho";9
"293030 Serra Dourada";1
"293040 Serra Preta";2
"293050 Serrinha";22
"293060 Serrolândia";3
"293070 Simões Filho";32
"293075 Sítio do Mato";4
"293076 Sítio do Quinto";2
"293077 Sobradinho";3
"293080 Souto Soares";3
"293090 Tabocas do Brejo Velho";1
"293100 Tanhaçu";2
"293105 Tanque Novo";5
"293110 Tanquinho";1
"293120 Taperoá";4
"293130 Tapiramutá";3
"293135 Teixeira de Freitas";23
"293150 Teofilândia";3
"293160 Teolândia";1
"293170 Terra Nova";1
"293180 Tremedal";3
"293190 Tucano";11
"293200 Uauá";8
"293210 Ubaíra";2
"293220 Ubaitaba";4
"293230 Ubatã";1
"293240 Uibaí";5
"293245 Umburanas";5
"293250 Una";3
"293260 Urandi";2
"293270 Uruçuca";4
"293280 Utinga";3
"293290 Valença";27
"293300 Valente";2
"293305 Várzea da Roça";1
"293315 Várzea Nova";3
"293317 Varzedo";1
"293320 Vera Cruz";6
"293325 Vereda";2
"293330 Vitória da Conquista";60
"293340 Wagner";1
"293345 Wanderley";3
"293350 Wenceslau Guimarães";3
"293360 Xique-Xique";10
"290000 Município ignorado - BA";7
"310020 Abaeté";2
"310030 Abre Campo";1
"310040 Acaiaca";3
"310050 Açucena";1
"310080 Aguanil";1
"310090 Águas Formosas";3
"310100 Águas Vermelhas";1
"310110 Aimorés";3
"310130 Alagoa";1
"310140 Albertina";1
"310150 Além Paraíba";6
"310160 Alfenas";5
"310163 Alfredo Vasconcelos";3
"310170 Almenara";7
"310180 Alpercata";2
"310200 Alterosa";3
"315350 Alto Jequitibá";2
"310250 Amparo do Serra";1
"310260 Andradas";8
"310280 Andrelândia";1
"310285 Angelândia";1
"310290 Antônio Carlos";1
"310340 Araçuaí";6
"310350 Araguari";12
"310375 Araporã";1
"310400 Araxá";25
"310410 Arceburgo";2
"310420 Arcos";8
"310430 Areado";3
"310440 Argirita";1
"310450 Arinos";2
"310460 Astolfo Dutra";1
"310470 Ataléia";2
"310490 Baependi";4
"310510 Bambuí";3
"310530 Bandeira do Sul";1
"310540 Barão de Cocais";2
"310560 Barbacena";16
"310590 Barroso";2
"310600 Bela Vista de Minas";1
"310620 Belo Horizonte";294
"310630 Belo Oriente";4
"310640 Belo Vale";2
"310650 Berilo";1
"310660 Bertópolis";4
"310670 Betim";69
"310710 Boa Esperança";7
"310730 Bocaiúva";9
"310740 Bom Despacho";8
"310770 Bom Jesus do Amparo";2
"310780 Bom Jesus do Galho";1
"310790 Bom Repouso";1
"310800 Bom Sucesso";6
"310810 Bonfim";2
"310820 Bonfinópolis de Minas";1
"310840 Botelhos";1
"310855 Brasilândia de Minas";2
"310860 Brasília de Minas";3
"310890 Brazópolis";1
"310900 Brumadinho";2
"310920 Buenópolis";3
"310930 Buritis";2
"310940 Buritizeiro";7
"310945 Cabeceira Grande";1
"310950 Cabo Verde";2
"310960 Cachoeira da Prata";1
"310270 Cachoeira de Pajeú";2
"310990 Caetanópolis";2
"311000 Caeté";5
"311010 Caiana";1
"311020 Cajuri";1
"311040 Camacho";1
"311050 Camanducaia";4
"311080 Campanário";1
"311090 Campanha";4
"311100 Campestre";2
"311110 Campina Verde";1
"311120 Campo Belo";5
"311130 Campo do Meio";1
"311140 Campo Florido";1
"311150 Campos Altos";5
"311160 Campos Gerais";2
"311180 Canápolis";1
"311205 Cantagalo";1
"311220 Capela Nova";1
"311230 Capelinha";4
"311240 Capetinga";1
"311260 Capinópolis";2
"311265 Capitão Andrade";1
"311270 Capitão Enéas";3
"311280 Capitólio";3
"311290 Caputira";2
"311300 Caraí";9
"311320 Carandaí";5
"311330 Carangola";5
"311340 Caratinga";16
"311370 Carlos Chagas";4
"311380 Carmésia";1
"311390 Carmo da Cachoeira";3
"311420 Carmo do Cajuru";1
"311430 Carmo do Paranaíba";3
"311440 Carmo do Rio Claro";5
"311450 Carmópolis de Minas";1
"311470 Carvalhópolis";1
"311510 Cássia";3
"311530 Cataguases";15
"311545 Catuji";1
"311550 Caxambu";1
"311570 Central de Minas";1
"311580 Centralina";1
"311600 Chalé";1
"311610 Chapada do Norte";4
"311615 Chapada Gaúcha";3
"311660 Cláudio";4
"311670 Coimbra";1
"311680 Coluna";1
"311690 Comendador Gomes";1
"311700 Comercinho";3
"311730 Conceição das Alagoas";6
"311740 Conceição de Ipanema";1
"311750 Conceição do Mato Dentro";4
"311760 Conceição do Pará";1
"311770 Conceição do Rio Verde";3
"311780 Conceição dos Ouros";2
"311800 Congonhas";9
"311820 Conquista";1
"311830 Conselheiro Lafaiete";16
"311840 Conselheiro Pena";1
"311860 Contagem";73
"311880 Coração de Jesus";4
"311890 Cordisburgo";2
"311910 Corinto";9
"311920 Coroaci";1
"311930 Coromandel";1
"311940 Coronel Fabriciano";15
"311950 Coronel Murta";2
"311980 Córrego Danta";2
"311995 Córrego Fundo";2
"312010 Couto de Magalhães de Minas";1
"312020 Cristais";1
"312050 Cristina";3
"312070 Cruzeiro da Fortaleza";2
"312080 Cruzília";1
"312083 Cuparaque";1
"312090 Curvelo";9
"312100 Datas";1
"312120 Delfinópolis";2
"312125 Delta";1
"312130 Descoberto";2
"312150 Desterro do Melo";1
"312160 Diamantina";10
"312170 Diogo de Vasconcelos";1
"312190 Divinésia";3
"312200 Divino";3
"312220 Divinolândia de Minas";3
"312230 Divinópolis";19
"312240 Divisa Nova";1
"312245 Divisópolis";2
"312247 Dom Bosco";1
"312280 Dom Viçoso";2
"312300 Dores de Campos";1
"312310 Dores de Guanhães";2
"312320 Dores do Indaiá";2
"312330 Dores do Turvo";1
"312350 Douradoquara";1
"312352 Durandé";1
"312360 Elói Mendes";2
"312370 Engenheiro Caldas";2
"312380 Engenheiro Navarro";2
"312385 Entre Folhas";1
"312390 Entre Rios de Minas";1
"312410 Esmeraldas";16
"312420 Espera Feliz";1
"312430 Espinosa";5
"312440 Espírito Santo do Dourado";1
"312480 Estrela do Sul";4
"312490 Eugenópolis";2
"312510 Extrema";5
"312530 Faria Lemos";1
"312560 Felisburgo";2
"312570 Felixlândia";2
"312600 Florestal";1
"312610 Formiga";7
"312630 Fortaleza de Minas";1
"312650 Francisco Badaró";2
"312660 Francisco Dumont";1
"312670 Francisco Sá";2
"312675 Franciscópolis";1
"312690 Frei Inocêncio";2
"312700 Fronteira";4
"312707 Fruta de Leite";1
"312710 Frutal";7
"312720 Funilândia";1
"312730 Galiléia";2
"312733 Gameleiras";2
"312737 Goiabeira";1
"312750 Gonzaga";3
"312760 Gouveia";1
"312770 Governador Valadares";61
"312780 Grão Mogol";1
"312800 Guanhães";3
"312810 Guapé";1
"312820 Guaraciaba";4
"312825 Guaraciama";2
"312830 Guaranésia";2
"312860 Guarda-Mor";1
"312870 Guaxupé";3
"312880 Guidoval";2
"312890 Guimarânia";2
"312900 Guiricema";1
"312920 Heliodora";1
"312930 Iapu";2
"312950 Ibiá";3
"312960 Ibiaí";1
"312965 Ibiracatu";4
"312980 Ibirité";27
"313000 Ibituruna";1
"313005 Icaraí de Minas";1
"313010 Igarapé";11
"313020 Igaratinga";2
"313030 Iguatama";4
"313040 Ijaci";1
"313050 Ilicínea";1
"313065 Indaiabira";2
"313070 Indianópolis";2
"313090 Inhapim";2
"313100 Inhaúma";4
"313110 Inimutaba";1
"313115 Ipaba";1
"313120 Ipanema";2
"313130 Ipatinga";27
"313150 Ipuiúna";1
"313160 Iraí de Minas";2
"313170 Itabira";7
"313190 Itabirito";4
"313210 Itacarambi";5
"313220 Itaguara";1
"313230 Itaipé";3
"313240 Itajubá";16
"313250 Itamarandiba";3
"313270 Itambacuri";4
"313290 Itamogi";1
"313310 Itanhandu";1
"313330 Itaobim";1
"313340 Itapagipe";1
"313350 Itapecerica";1
"313360 Itapeva";2
"313370 Itatiaiuçu";2
"313380 Itaúna";14
"313390 Itaverava";1
"313400 Itinga";1
"313410 Itueta";2
"313420 Ituiutaba";21
"313430 Itumirim";2
"313440 Iturama";10
"313450 Itutinga";1
"313460 Jaboticatubas";1
"313470 Jacinto";1
"313480 Jacuí";1
"313490 Jacutinga";1
"313505 Jaíba";6
"313510 Janaúba";14
"313520 Januária";13
"313530 Japaraíba";2
"313535 Japonvar";1
"313540 Jeceaba";1
"313550 Jequeri";1
"313560 Jequitaí";1
"313570 Jequitibá";2
"313580 Jequitinhonha";4
"313590 Jesuânia";1
"313600 Joaíma";6
"313610 Joanésia";1
"313620 João Monlevade";18
"313630 João Pinheiro";7
"313650 Jordânia";3
"313655 José Raydan";2
"313657 Josenópolis";1
"313665 Juatuba";3
"313670 Juiz de Fora";76
"313690 Juruaia";1
"313695 Juvenília";2
"313700 Ladainha";3
"313710 Lagamar";2
"313720 Lagoa da Prata";8
"313730 Lagoa dos Patos";1
"313750 Lagoa Formosa";6
"313753 Lagoa Grande";2
"313760 Lagoa Santa";8
"313770 Lajinha";6
"313780 Lambari";4
"313810 Lassance";1
"313820 Lavras";15
"313840 Leopoldina";8
"313860 Lima Duarte";1
"313865 Lontra";2
"313867 Luisburgo";3
"313868 Luislândia";1
"313880 Luz";1
"313890 Machacalis";2
"313900 Machado";4
"313920 Malacacheta";5
"313930 Manga";4
"313940 Manhuaçu";10
"313950 Manhumirim";2
"313960 Mantena";5
"313980 Mar de Espanha";4
"313990 Maria da Fé";2
"314000 Mariana";9
"314010 Marilac";1
"314015 Mário Campos";2
"314030 Marliéria";2
"314040 Marmelópolis";1
"314050 Martinho Campos";2
"314053 Martins Soares";2
"314055 Mata Verde";1
"314060 Materlândia";1
"314070 Mateus Leme";5
"314080 Matias Barbosa";5
"314085 Matias Cardoso";2
"314090 Matipó";4
"314100 Mato Verde";1
"314110 Matozinhos";3
"314140 Medina";1
"314150 Mendes Pimentel";3
"314160 Mercês";1
"314170 Mesquita";3
"314180 Minas Novas";5
"314200 Mirabela";3
"314220 Miraí";3
"314225 Miravânia";1
"314230 Moeda";1
"314260 Monsenhor Paulo";1
"314270 Montalvânia";2
"314280 Monte Alegre de Minas";3
"314290 Monte Azul";3
"314300 Monte Belo";3
"314310 Monte Carmelo";5
"314340 Monte Sião";2
"314330 Montes Claros";66
"314345 Montezuma";1
"314350 Morada Nova de Minas";3
"314370 Morro do Pilar";1
"314390 Muriaé";17
"314400 Mutum";4
"314410 Muzambinho";5
"314430 Nanuque";12
"314435 Naque";2
"314450 Nazareno";1
"314460 Nepomuceno";3
"314465 Ninheira";1
"314470 Nova Era";2
"314480 Nova Lima";13
"314500 Nova Ponte";2
"314505 Nova Porteirinha";2
"314520 Nova Serrana";16
"314530 Novo Cruzeiro";10
"314535 Novo Oriente de Minas";2
"314537 Novorizonte";1
"314560 Oliveira";3
"314580 Onça de Pitangui";2
"314587 Orizânia";1
"314590 Ouro Branco";6
"314600 Ouro Fino";4
"314610 Ouro Preto";21
"314630 Padre Paraíso";7
"314655 Pai Pedro";1
"314650 Pains";1
"314670 Palma";1
"314675 Palmópolis";2
"314690 Papagaios";1
"314710 Pará de Minas";12
"314700 Paracatu";18
"314720 Paraguaçu";5
"314730 Paraisópolis";2
"314740 Paraopeba";1
"314760 Passa Quatro";3
"314770 Passa Tempo";2
"314790 Passos";12
"314795 Patis";1
"314800 Patos de Minas";24
"314810 Patrocínio";17
"314820 Patrocínio do Muriaé";1
"314830 Paula Cândido";2
"314850 Pavão";1
"314860 Peçanha";2
"314870 Pedra Azul";2
"314875 Pedra Bonita";1
"314900 Pedra Dourada";1
"314910 Pedralva";2
"314915 Pedras de Maria da Cruz";4
"314920 Pedrinópolis";1
"314930 Pedro Leopoldo";4
"314960 Pequi";1
"314980 Perdizes";3
"314990 Perdões";2
"314995 Periquito";2
"315010 Piau";2
"315015 Piedade de Caratinga";2
"315070 Pirajuba";1
"315080 Piranga";2
"315110 Pirapetinga";1
"315120 Pirapora";13
"315130 Piraúba";1
"315140 Pitangui";5
"315150 Piumhi";7
"315160 Planura";2
"315170 Poço Fundo";2
"315180 Poços de Caldas";18
"315200 Pompéu";3
"315210 Ponte Nova";9
"315213 Ponto Chique";1
"315217 Ponto dos Volantes";3
"315220 Porteirinha";7
"315230 Porto Firme";2
"315240 Poté";3
"315250 Pouso Alegre";12
"315260 Pouso Alto";1
"315270 Prados";1
"315280 Prata";2
"315290 Pratápolis";1
"315340 Presidente Olegário";4
"315360 Prudente de Morais";1
"315400 Raul Soares";1
"315420 Resende Costa";2
"315430 Resplendor";2
"315450 Riacho dos Machados";1
"315460 Ribeirão das Neves";43
"315470 Ribeirão Vermelho";1
"315480 Rio Acima";1
"315510 Rio do Prado";1
"315560 Rio Pardo de Minas";2
"315570 Rio Piracicaba";2
"315580 Rio Pomba";3
"315630 Rodeiro";1
"315645 Rosário da Limeira";1
"315650 Rubelita";1
"315660 Rubim";1
"315670 Sabará";30
"315680 Sabinópolis";1
"315690 Sacramento";2
"315700 Salinas";4
"315710 Salto da Divisa";1
"315720 Santa Bárbara";5
"315725 Santa Bárbara do Leste";4
"315730 Santa Bárbara do Tugúrio";3
"315733 Santa Cruz de Minas";2
"315737 Santa Cruz de Salinas";1
"315740 Santa Cruz do Escalvado";2
"315760 Santa Fé de Minas";1
"315765 Santa Helena de Minas";4
"315780 Santa Luzia";28
"315790 Santa Margarida";5
"315800 Santa Maria de Itabira";4
"315820 Santa Maria do Suaçuí";2
"315935 Santa Rita de Minas";2
"315950 Santa Rita do Itueto";1
"315960 Santa Rita do Sapucaí";7
"315970 Santa Rosa da Serra";1
"315980 Santa Vitória";4
"315850 Santana de Pirapama";1
"315860 Santana do Deserto";1
"315870 Santana do Garambéu";1
"315890 Santana do Manhuaçu";3
"315895 Santana do Paraíso";10
"315990 Santo Antônio do Amparo";2
"316010 Santo Antônio do Grama";1
"316020 Santo Antônio do Itambé";1
"316030 Santo Antônio do Jacinto";1
"316040 Santo Antônio do Monte";8
"316045 Santo Antônio do Retiro";1
"316050 Santo Antônio do Rio Abaixo";1
"316070 Santos Dumont";2
"316080 São Bento Abade";1
"316095 São Domingos das Dores";1
"316100 São Domingos do Prata";3
"316110 São Francisco";9
"316130 São Francisco de Sales";1
"316150 São Geraldo";2
"316165 São Geraldo do Baixio";2
"316170 São Gonçalo do Abaeté";1
"316180 São Gonçalo do Pará";3
"316200 São Gonçalo do Sapucaí";2
"316210 São Gotardo";18
"316240 São João da Ponte";4
"316245 São João das Missões";3
"316250 São João del Rei";13
"316255 São João do Manhuaçu";6
"316260 São João do Oriente";1
"316265 São João do Pacuí";2
"316270 São João do Paraíso";5
"316280 São João Evangelista";2
"316290 São João Nepomuceno";8
"316292 São Joaquim de Bicas";1
"316295 São José da Lapa";2
"316300 São José da Safira";1
"316370 São Lourenço";4
"316380 São Miguel do Anta";1
"316390 São Pedro da União";1
"316410 São Pedro do Suaçuí";2
"316400 São Pedro dos Ferros";1
"316420 São Romão";1
"316430 São Roque de Minas";1
"316440 São Sebastião da Bela Vista";1
"316447 São Sebastião do Anta";4
"316450 São Sebastião do Maranhão";3
"316460 São Sebastião do Oeste";1
"316470 São Sebastião do Paraíso";12
"316520 São Thomé das Letras";2
"316510 São Tomás de Aquino";1
"316530 São Vicente de Minas";1
"316553 Sarzedo";4
"316557 Senador Amaral";1
"316560 Senador Cortes";1
"316570 Senador Firmino";2
"316600 Senhora de Oliveira";1
"316620 Senhora dos Remédios";1
"316630 Sericita";1
"316650 Serra Azul de Minas";1
"316680 Serra do Salitre";2
"316670 Serra dos Aimorés";1
"316690 Serrania";4
"316710 Serro";1
"316720 Sete Lagoas";30
"316555 Setubinha";4
"316740 Silvianópolis";2
"316760 Simonésia";6
"316770 Sobrália";1
"316800 Taiobeiras";3
"316840 Tarumirim";1
"316860 Teófilo Otoni";27
"316870 Timóteo";6
"316890 Tiros";1
"316900 Tocantins";1
"316910 Toledo";3
"316930 Três Corações";10
"316935 Três Marias";2
"316940 Três Pontas";15
"316950 Tumiritinga";2
"316960 Tupaciguara";5
"316970 Turmalina";2
"316990 Ubá";8
"317005 Ubaporanga";2
"317010 Uberaba";43
"317020 Uberlândia";97
"317030 Umburatiba";1
"317040 Unaí";17
"317052 Urucuia";1
"317057 Vargem Alegre";1
"317060 Vargem Bonita";1
"317070 Varginha";21
"317075 Varjão de Minas";2
"317080 Várzea da Palma";8
"317090 Varzelândia";4
"317100 Vazante";2
"317103 Verdelândia";3
"317107 Veredinha";1
"317110 Veríssimo";1
"317115 Vermelho Novo";1
"317120 Vespasiano";27
"317130 Viçosa";8
"317160 Virgem da Lapa";1
"317170 Virgínia";1
"317180 Virginópolis";1
"317190 Virgolândia";1
"317200 Visconde do Rio Branco";5
"317210 Volta Grande";1
"320010 Afonso Cláudio";4
"320016 Água Doce do Norte";3
"320013 Águia Branca";3
"320020 Alegre";3
"320030 Alfredo Chaves";1
"320035 Alto Rio Novo";2
"320040 Anchieta";6
"320060 Aracruz";15
"320070 Atilio Vivacqua";3
"320080 Baixo Guandu";3
"320090 Barra de São Francisco";5
"320100 Boa Esperança";1
"320110 Bom Jesus do Norte";2
"320115 Brejetuba";3
"320120 Cachoeiro de Itapemirim";37
"320130 Cariacica";69
"320140 Castelo";2
"320150 Colatina";20
"320160 Conceição da Barra";6
"320190 Domingos Martins";2
"320200 Dores do Rio Preto";1
"320210 Ecoporanga";5
"320220 Fundão";4
"320225 Governador Lindenberg";1
"320230 Guaçuí";3
"320240 Guarapari";18
"320245 Ibatiba";1
"320250 Ibiraçu";3
"320255 Ibitirama";2
"320260 Iconha";4
"320265 Irupi";1
"320270 Itaguaçu";2
"320280 Itapemirim";10
"320290 Itarana";2
"320300 Iúna";2
"320305 Jaguaré";4
"320310 Jerônimo Monteiro";3
"320313 João Neiva";3
"320316 Laranja da Terra";1
"320320 Linhares";30
"320332 Marataízes";5
"320334 Marechal Floriano";5
"320340 Mimoso do Sul";1
"320350 Montanha";2
"320370 Muniz Freire";2
"320380 Muqui";3
"320390 Nova Venécia";7
"320400 Pancas";4
"320405 Pedro Canário";3
"320410 Pinheiros";4
"320420 Piúma";1
"320425 Ponto Belo";3
"320430 Presidente Kennedy";1
"320435 Rio Bananal";1
"320440 Rio Novo do Sul";1
"320450 Santa Leopoldina";1
"320455 Santa Maria de Jetibá";7
"320460 Santa Teresa";4
"320465 São Domingos do Norte";1
"320470 São Gabriel da Palha";5
"320480 São José do Calçado";1
"320490 São Mateus";22
"320495 São Roque do Canaã";2
"320500 Serra";85
"320501 Sooretama";7
"320503 Vargem Alta";4
"320506 Venda Nova do Imigrante";2
"320510 Viana";16
"320515 Vila Pavão";1
"320517 Vila Valério";2
"320520 Vila Velha";65
"320530 Vitória";42
"330010 Angra dos Reis";30
"330015 Aperibé";3
"330020 Araruama";15
"330022 Areal";4
"330023 Armação dos Búzios";7
"330025 Arraial do Cabo";8
"330030 Barra do Piraí";13
"330040 Barra Mansa";16
"330045 Belford Roxo";101
"330050 Bom Jardim";4
"330060 Bom Jesus do Itabapoana";6
"330070 Cabo Frio";36
"330080 Cachoeiras de Macacu";4
"330090 Cambuci";3
"330100 Campos dos Goytacazes";95
"330110 Cantagalo";4
"330093 Carapebus";2
"330120 Carmo";4
"330130 Casimiro de Abreu";5
"330095 Comendador Levy Gasparian";5
"330140 Conceição de Macabu";4
"330150 Cordeiro";4
"330170 Duque de Caxias";193
"330180 Engenheiro Paulo de Frontin";4
"330185 Guapimirim";17
"330187 Iguaba Grande";9
"330190 Itaboraí";37
"330200 Itaguaí";33
"330210 Itaocara";6
"330220 Itaperuna";11
"330225 Itatiaia";4
"330227 Japeri";17
"330240 Macaé";43
"330245 Macuco";3
"330250 Magé";61
"330260 Mangaratiba";8
"330270 Maricá";18
"330280 Mendes";1
"330285 Mesquita";31
"330290 Miguel Pereira";3
"330300 Miracema";9
"330310 Natividade";1
"330320 Nilópolis";24
"330330 Niterói";61
"330340 Nova Friburgo";22
"330350 Nova Iguaçu";180
"330360 Paracambi";3
"330370 Paraíba do Sul";13
"330380 Paraty";11
"330385 Paty do Alferes";3
"330390 Petrópolis";47
"330395 Pinheiral";1
"330400 Piraí";5
"330410 Porciúncula";5
"330411 Porto Real";5
"330412 Quatis";1
"330414 Queimados";51
"330415 Quissamã";2
"330420 Resende";30
"330430 Rio Bonito";8
"330440 Rio Claro";1
"330450 Rio das Flores";1
"330452 Rio das Ostras";23
"330455 Rio de Janeiro";968
"330460 Santa Maria Madalena";2
"330470 Santo Antônio de Pádua";9
"330480 São Fidélis";6
"330475 São Francisco de Itabapoana";4
"330490 São Gonçalo";138
"330500 São João da Barra";6
"330510 São João de Meriti";87
"330513 São José de Ubá";4
"330515 São José do Vale do Rio Preto";5
"330520 São Pedro da Aldeia";19
"330540 Sapucaia";2
"330550 Saquarema";22
"330555 Seropédica";21
"330560 Silva Jardim";3
"330570 Sumidouro";3
"330575 Tanguá";8
"330580 Teresópolis";26
"330590 Trajano de Moraes";1
"330600 Três Rios";15
"330610 Valença";14
"330615 Varre-Sai";4
"330620 Vassouras";5
"330630 Volta Redonda";42
"330000 Município ignorado - RJ";1
"350010 Adamantina";2
"350020 Adolfo";1
"350030 Aguaí";3
"350040 Águas da Prata";2
"350050 Águas de Lindóia";1
"350055 Águas de Santa Bárbara";1
"350070 Agudos";11
"350075 Alambari";3
"350080 Alfredo Marcondes";1
"350100 Altinópolis";3
"350110 Alto Alegre";2
"350115 Alumínio";3
"350130 Álvares Machado";1
"350150 Alvinlândia";1
"350160 Americana";30
"350170 Américo Brasiliense";6
"350180 Américo de Campos";2
"350190 Amparo";5
"350200 Analândia";1
"350210 Andradina";8
"350220 Angatuba";5
"350240 Anhumas";1
"350250 Aparecida";2
"350270 Apiaí";4
"350275 Araçariguama";5
"350280 Araçatuba";39
"350290 Araçoiaba da Serra";3
"350300 Aramina";1
"350310 Arandu";1
"350315 Arapeí";1
"350320 Araraquara";34
"350330 Araras";20
"350335 Arco-Íris";1
"350340 Arealva";1
"350360 Areiópolis";3
"350380 Artur Nogueira";5
"350390 Arujá";19
"350400 Assis";19
"350410 Atibaia";10
"350420 Auriflama";1
"350440 Avanhandava";3
"350450 Avaré";15
"350460 Bady Bassitt";1
"350510 Barbosa";1
"350520 Bariri";6
"350530 Barra Bonita";5
"350540 Barra do Turvo";3
"350550 Barretos";20
"350560 Barrinha";7
"350570 Barueri";49
"350580 Bastos";5
"350590 Batatais";7
"350600 Bauru";44
"350610 Bebedouro";17
"350630 Bernardino de Campos";1
"350635 Bertioga";14
"350650 Birigui";22
"350660 Biritiba-Mirim";4
"350670 Boa Esperança do Sul";2
"350680 Bocaina";4
"350690 Bofete";3
"350700 Boituva";7
"350710 Bom Jesus dos Perdões";1
"350715 Bom Sucesso de Itararé";1
"350730 Boracéia";3
"350740 Borborema";3
"350750 Botucatu";27
"350760 Bragança Paulista";15
"350780 Brodowski";10
"350790 Brotas";3
"350800 Buri";3
"350810 Buritama";4
"350830 Cabrália Paulista";2
"350840 Cabreúva";8
"350850 Caçapava";11
"350860 Cachoeira Paulista";5
"350870 Caconde";2
"350880 Cafelândia";4
"350890 Caiabu";1
"350900 Caieiras";9
"350910 Caiuá";1
"350920 Cajamar";7
"350925 Cajati";2
"350940 Cajuru";3
"350945 Campina do Monte Alegre";3
"350950 Campinas";137
"350960 Campo Limpo Paulista";5
"350970 Campos do Jordão";6
"350990 Cananéia";1
"351000 Cândido Mota";5
"351020 Capão Bonito";8
"351030 Capela do Alto";5
"351040 Capivari";5
"351050 Caraguatatuba";18
"351060 Carapicuíba";65
"351070 Cardoso";3
"351080 Casa Branca";4
"351100 Castilho";6
"351110 Catanduva";10
"351140 Cerqueira César";4
"351150 Cerquilho";5
"351160 Cesário Lange";3
"351170 Charqueada";1
"351190 Clementina";3
"351200 Colina";2
"351210 Colômbia";1
"351220 Conchal";5
"351230 Conchas";2
"351240 Cordeirópolis";1
"351250 Coroados";1
"351280 Cosmópolis";6
"351290 Cosmorama";2
"351300 Cotia";32
"351310 Cravinhos";4
"351320 Cristais Paulista";3
"351340 Cruzeiro";10
"351350 Cubatão";20
"351360 Cunha";2
"351370 Descalvado";1
"351380 Diadema";62
"351385 Dirce Reis";1
"351410 Dois Córregos";4
"351430 Dourado";2
"351440 Dracena";8
"351450 Duartina";3
"351460 Dumont";1
"351470 Echaporã";1
"351480 Eldorado";3
"351490 Elias Fausto";3
"351500 Embu das Artes";37
"351510 Embu-Guaçu";11
"351515 Engenheiro Coelho";2
"351518 Espírito Santo do Pinhal";3
"351519 Espírito Santo do Turvo";2
"355730 Estiva Gerbi";2
"351520 Estrela d'Oeste";1
"351535 Euclides da Cunha Paulista";1
"351540 Fartura";1
"351550 Fernandópolis";2
"351565 Fernão";1
"351570 Ferraz de Vasconcelos";37
"351590 Floreal";1
"351600 Flórida Paulista";2
"351620 Franca";53
"351630 Francisco Morato";40
"351640 Franco da Rocha";25
"351660 Gália";1
"351670 Garça";6
"351690 General Salgado";1
"351700 Getulina";1
"351710 Glicério";1
"351720 Guaiçara";4
"351730 Guaimbê";2
"351740 Guaíra";4
"351760 Guapiara";6
"351770 Guará";2
"351780 Guaraçaí";1
"351790 Guaraci";2
"351820 Guararapes";4
"351830 Guararema";4
"351840 Guaratinguetá";14
"351860 Guariba";7
"351870 Guarujá";78
"351880 Guarulhos";280
"351900 Herculândia";2
"351905 Holambra";3
"351907 Hortolândia";23
"351910 Iacanga";1
"351920 Iacri";3
"351925 Iaras";1
"351930 Ibaté";2
"351960 Ibitinga";10
"351970 Ibiúna";20
"351980 Icém";2
"351990 Iepê";2
"352000 Igaraçu do Tietê";4
"352010 Igarapava";3
"352020 Igaratá";2
"352030 Iguape";5
"352042 Ilha Comprida";1
"352044 Ilha Solteira";2
"352040 Ilhabela";4
"352050 Indaiatuba";32
"352060 Indiana";2
"352090 Ipaussu";4
"352100 Iperó";3
"352110 Ipeúna";2
"352120 Iporanga";1
"352130 Ipuã";3
"352150 Irapuã";1
"352160 Irapuru";1
"352170 Itaberá";6
"352180 Itaí";5
"352200 Itaju";3
"352210 Itanhaém";18
"352220 Itapecerica da Serra";29
"352230 Itapetininga";30
"352240 Itapeva";19
"352250 Itapevi";56
"352260 Itapira";7
"352270 Itápolis";2
"352280 Itaporanga";2
"352310 Itaquaquecetuba";72
"352320 Itararé";10
"352330 Itariri";2
"352340 Itatiba";20
"352350 Itatinga";1
"352360 Itirapina";3
"352380 Itobi";2
"352390 Itu";22
"352400 Itupeva";6
"352410 Ituverava";1
"352430 Jaboticabal";7
"352440 Jacareí";26
"352460 Jacupiranga";1
"352470 Jaguariúna";2
"352480 Jales";5
"352490 Jambeiro";1
"352500 Jandira";20
"352510 Jardinópolis";5
"352520 Jarinu";2
"352530 Jaú";23
"352550 Joanópolis";1
"352570 José Bonifácio";5
"352590 Jundiaí";46
"352600 Junqueirópolis";2
"352610 Juquiá";4
"352620 Juquitiba";2
"352640 Laranjal Paulista";11
"352650 Lavínia";1
"352660 Lavrinhas";1
"352670 Leme";11
"352680 Lençóis Paulista";11
"352690 Limeira";34
"352710 Lins";12
"352720 Lorena";14
"352730 Louveira";9
"352740 Lucélia";1
"352760 Luís Antônio";1
"352770 Luiziânia";1
"352780 Lupércio";1
"352790 Lutécia";2
"352800 Macatuba";1
"352840 Mairinque";8
"352850 Mairiporã";16
"352860 Manduri";1
"352880 Maracaí";3
"352900 Marília";31
"352920 Martinópolis";3
"352930 Matão";10
"352940 Mauá";63
"352950 Mendonça";1
"352960 Meridiano";1
"352970 Miguelópolis";3
"352980 Mineiros do Tietê";1
"352990 Miracatu";1
"353010 Mirandópolis";4
"353020 Mirante do Paranapanema";1
"353030 Mirassol";4
"353040 Mirassolândia";2
"353050 Mococa";6
"353060 Mogi das Cruzes";81
"353070 Mogi Guaçu";18
"353080 Mogi Mirim";3
"353110 Mongaguá";16
"353120 Monte Alegre do Sul";1
"353130 Monte Alto";4
"353140 Monte Aprazível";4
"353150 Monte Azul Paulista";4
"353160 Monte Castelo";1
"353180 Monte Mor";6
"353190 Morro Agudo";6
"353200 Morungaba";2
"353220 Narandiba";1
"353240 Nazaré Paulista";3
"353250 Neves Paulista";1
"353270 Nipoã";1
"353282 Nova Campina";1
"353290 Nova Europa";1
"353300 Nova Granada";5
"353340 Nova Odessa";10
"353325 Novais";1
"353350 Novo Horizonte";8
"353380 Óleo";1
"353390 Olímpia";10
"353430 Orlândia";4
"353440 Osasco";114
"353460 Osvaldo Cruz";6
"353470 Ourinhos";17
"353480 Ouro Verde";1
"353475 Ouroeste";1
"353510 Palmares Paulista";2
"353520 Palmeira d'Oeste";2
"353530 Palmital";6
"353540 Panorama";2
"353550 Paraguaçu Paulista";3
"353560 Paraibuna";3
"353570 Paraíso";1
"353610 Pardinho";1
"353620 Pariquera-Açu";2
"353630 Patrocínio Paulista";2
"353640 Paulicéia";2
"353650 Paulínia";16
"353670 Pederneiras";7
"353690 Pedranópolis";1
"353700 Pedregulho";1
"353710 Pedreira";2
"353720 Pedro de Toledo";4
"353730 Penápolis";15
"353740 Pereira Barreto";3
"353750 Pereiras";1
"353760 Peruíbe";16
"353770 Piacatu";2
"353780 Piedade";9
"353790 Pilar do Sul";6
"353800 Pindamonhangaba";26
"353810 Pindorama";3
"353820 Pinhalzinho";2
"353830 Piquerobi";1
"353850 Piquete";1
"353860 Piracaia";1
"353870 Piracicaba";54
"353880 Piraju";1
"353890 Pirajuí";5
"353900 Pirangi";1
"353910 Pirapora do Bom Jesus";2
"353920 Pirapozinho";4
"353930 Pirassununga";12
"353940 Piratininga";2
"353950 Pitangueiras";7
"353960 Planalto";1
"353970 Platina";1
"353980 Poá";16
"354000 Pompéia";2
"354020 Pontal";7
"354025 Pontalinda";1
"354040 Populina";1
"354050 Porangaba";1
"354060 Porto Feliz";9
"354070 Porto Ferreira";1
"354075 Potim";1
"354080 Potirendaba";2
"354090 Pradópolis";2
"354100 Praia Grande";60
"354110 Presidente Alves";1
"354120 Presidente Bernardes";3
"354130 Presidente Epitácio";12
"354140 Presidente Prudente";28
"354150 Presidente Venceslau";3
"354160 Promissão";3
"354170 Quatá";3
"354190 Queluz";2
"354200 Quintana";2
"354220 Rancharia";4
"354240 Regente Feijó";4
"354260 Registro";10
"354270 Restinga";1
"354290 Ribeirão Bonito";5
"354300 Ribeirão Branco";8
"354320 Ribeirão do Sul";2
"354325 Ribeirão Grande";1
"354330 Ribeirão Pires";12
"354340 Ribeirão Preto";73
"354360 Rifaina";1
"354380 Rinópolis";1
"354390 Rio Claro";14
"354400 Rio das Pedras";3
"354410 Rio Grande da Serra";10
"354425 Rosana";3
"354460 Sabino";1
"354490 Sales Oliveira";1
"354500 Salesópolis";3
"354520 Salto";17
"354530 Salto de Pirapora";11
"354560 Santa Adélia";1
"354570 Santa Albertina";2
"354580 Santa Bárbara d'Oeste";25
"354600 Santa Branca";2
"354620 Santa Cruz da Conceição";1
"354630 Santa Cruz das Palmeiras";2
"354640 Santa Cruz do Rio Pardo";5
"354650 Santa Ernestina";1
"354660 Santa Fé do Sul";6
"354670 Santa Gertrudes";1
"354680 Santa Isabel";9
"354690 Santa Lúcia";3
"354700 Santa Maria da Serra";2
"354750 Santa Rita do Passa Quatro";3
"354760 Santa Rosa de Viterbo";2
"354730 Santana de Parnaíba";18
"354770 Santo Anastácio";1
"354780 Santo André";82
"354790 Santo Antônio da Alegria";1
"354800 Santo Antônio de Posse";1
"354805 Santo Antônio do Aracanguá";3
"354820 Santo Antônio do Pinhal";1
"354850 Santos";54
"354860 São Bento do Sapucaí";1
"354870 São Bernardo do Campo";101
"354880 São Caetano do Sul";17
"354890 São Carlos";33
"354910 São João da Boa Vista";9
"354940 São Joaquim da Barra";9
"354950 São José da Bela Vista";4
"354960 São José do Barreiro";1
"354970 São José do Rio Pardo";5
"354980 São José do Rio Preto";48
"354990 São José dos Campos";102
"354995 São Lourenço da Serra";5
"355010 São Manuel";3
"355020 São Miguel Arcanjo";9
"355030 São Paulo";1825
"355040 São Pedro";4
"355060 São Roque";16
"355070 São Sebastião";10
"355090 São Simão";1
"355100 São Vicente";59
"355110 Sarapuí";1
"355140 Serra Azul";2
"355160 Serra Negra";1
"355150 Serrana";5
"355170 Sertãozinho";17
"355180 Sete Barras";4
"355190 Severínia";4
"355200 Silveiras";1
"355210 Socorro";7
"355220 Sorocaba";96
"355230 Sud Mennucci";1
"355240 Sumaré";36
"355250 Suzano";56
"355260 Tabapuã";4
"355270 Tabatinga";4
"355280 Taboão da Serra";51
"355300 Taguaí";1
"355330 Tambaú";5
"355340 Tanabi";2
"355350 Tapiraí";3
"355370 Taquaritinga";4
"355380 Taquarituba";3
"355385 Taquarivaí";1
"355390 Tarabai";1
"355395 Tarumã";1
"355400 Tatuí";23
"355410 Taubaté";43
"355420 Tejupá";1
"355430 Teodoro Sampaio";5
"355450 Tietê";9
"355460 Timburi";1
"355470 Torrinha";1
"355480 Tremembé";4
"355490 Três Fronteiras";1
"355500 Tupã";5
"355510 Tupi Paulista";2
"355535 Ubarana";1
"355540 Ubatuba";12
"355550 Ubirajara";1
"355560 Uchoa";1
"355600 Urupês";2
"355610 Valentim Gentil";1
"355620 Valinhos";9
"355630 Valparaíso";4
"355640 Vargem Grande do Sul";2
"355645 Vargem Grande Paulista";3
"355650 Várzea Paulista";24
"355670 Vinhedo";6
"355680 Viradouro";5
"355700 Votorantim";26
"355710 Votuporanga";8
"355715 Zacarias";1
"410010 Abatiá";1
"410030 Agudos do Sul";4
"410040 Almirante Tamandaré";14
"410045 Altamira do Paraná";1
"410070 Alto Piquiri";2
"410050 Altônia";5
"410100 Ampére";2
"410105 Anahy";1
"410110 Andirá";4
"410120 Antonina";4
"410140 Apucarana";19
"410150 Arapongas";17
"410160 Arapoti";4
"410170 Araruna";5
"410180 Araucária";26
"410185 Ariranha do Ivaí";1
"410190 Assaí";1
"410200 Assis Chateaubriand";3
"410210 Astorga";5
"410240 Bandeirantes";3
"410250 Barbosa Ferraz";1
"410260 Barracão";3
"410275 Bela Vista da Caroba";1
"410280 Bela Vista do Paraíso";2
"410290 Bituruna";5
"410302 Boa Esperança do Iguaçu";1
"410310 Bocaiúva do Sul";1
"410315 Bom Jesus do Sul";3
"410335 Braganey";2
"410345 Cafelândia";3
"410350 Califórnia";1
"410370 Cambé";9
"410380 Cambira";1
"410390 Campina da Lagoa";4
"410400 Campina Grande do Sul";12
"410410 Campo do Tenente";1
"410420 Campo Largo";22
"410430 Campo Mourão";21
"410440 Cândido de Abreu";9
"410442 Candói";1
"410445 Cantagalo";2
"410450 Capanema";1
"410460 Capitão Leônidas Marques";2
"410465 Carambeí";3
"410470 Carlópolis";4
"410480 Cascavel";32
"410490 Castro";12
"410500 Catanduvas";1
"410520 Cerro Azul";1
"410530 Céu Azul";2
"410540 Chopinzinho";4
"410550 Cianorte";20
"410560 Cidade Gaúcha";3
"410570 Clevelândia";2
"410580 Colombo";36
"410590 Colorado";3
"410620 Contenda";4
"410630 Corbélia";3
"410640 Cornélio Procópio";6
"410650 Coronel Vivida";6
"410680 Cruz Machado";5
"410660 Cruzeiro do Oeste";5
"410685 Cruzmaltina";1
"410690 Curitiba";183
"410700 Curiúva";1
"410715 Diamante D'Oeste";2
"410710 Diamante do Norte";1
"410712 Diamante do Sul";2
"410720 Dois Vizinhos";9
"410750 Engenheiro Beltrão";2
"410753 Entre Rios do Oeste";1
"410755 Farol";2
"410760 Faxinal";2
"410765 Fazenda Rio Grande";28
"410773 Fernandes Pinheiro";3
"410785 Flor da Serra do Sul";1
"410790 Floresta";4
"410800 Florestópolis";3
"410820 Formosa do Oeste";3
"410830 Foz do Iguaçu";43
"410845 Foz do Jordão";1
"410832 Francisco Alves";1
"410840 Francisco Beltrão";18
"410850 General Carneiro";4
"410860 Goioerê";1
"410880 Guaíra";6
"410890 Guairaçá";1
"410895 Guamiranga";3
"410930 Guaraniaçu";1
"410940 Guarapuava";29
"410950 Guaraqueçaba";1
"410960 Guaratuba";7
"410970 Ibaiti";6
"410975 Ibema";2
"410980 Ibiporã";6
"410990 Icaraíma";5
"411007 Imbaú";1
"411010 Imbituva";8
"411020 Inácio Martins";4
"411040 Indianópolis";1
"411050 Ipiranga";2
"411060 Iporã";2
"411065 Iracema do Oeste";1
"411070 Irati";8
"411080 Iretama";3
"411095 Itaipulândia";4
"411100 Itambaracá";2
"411120 Itapejara d'Oeste";2
"411125 Itaperuçu";3
"411150 Ivaiporã";2
"411155 Ivaté";1
"411160 Ivatuba";1
"411170 Jaboti";1
"411180 Jacarezinho";5
"411190 Jaguapitã";1
"411200 Jaguariaíva";9
"411210 Jandaia do Sul";1
"411220 Janiópolis";2
"411230 Japira";1
"411240 Japurá";2
"411250 Jardim Alegre";2
"411270 Jataizinho";2
"411280 Joaquim Távora";1
"411295 Juranda";1
"411320 Lapa";1
"411325 Laranjal";2
"411330 Laranjeiras do Sul";5
"411342 Lidianópolis";1
"411350 Loanda";5
"411360 Lobato";1
"411370 Londrina";73
"411373 Luiziana";2
"411375 Lunardelli";1
"411380 Lupionópolis";1
"411400 Mamborê";1
"411410 Mandaguaçu";2
"411420 Mandaguari";4
"411430 Mandirituba";4
"411435 Manfrinópolis";1
"411440 Mangueirinha";3
"411450 Manoel Ribas";1
"411460 Marechal Cândido Rondon";7
"411470 Maria Helena";1
"411480 Marialva";5
"411510 Mariluz";2
"411520 Maringá";59
"411540 Marmeleiro";3
"411545 Marquinho";1
"411550 Marumbi";1
"411560 Matelândia";6
"411570 Matinhos";2
"411575 Mauá da Serra";1
"411580 Medianeira";7
"411585 Mercedes";1
"411600 Miraselva";1
"411605 Missal";1
"411610 Moreira Sales";1
"411620 Morretes";1
"411640 Nossa Senhora das Graças";2
"411670 Nova Aurora";1
"411680 Nova Cantu";3
"411690 Nova Esperança";1
"411695 Nova Esperança do Sudoeste";1
"411700 Nova Fátima";2
"411705 Nova Laranjeiras";2
"411710 Nova Londrina";1
"411720 Nova Olímpia";2
"411721 Nova Santa Bárbara";1
"411722 Nova Santa Rosa";1
"411730 Ortigueira";8
"411745 Ouro Verde do Oeste";1
"411750 Paiçandu";4
"411760 Palmas";16
"411770 Palmeira";7
"411780 Palmital";3
"411790 Palotina";4
"411800 Paraíso do Norte";2
"411810 Paranacity";2
"411820 Paranaguá";20
"411840 Paranavaí";7
"411850 Pato Branco";11
"411860 Paula Freitas";1
"411885 Perobal";3
"411890 Pérola";6
"411910 Piên";2
"411915 Pinhais";11
"411925 Pinhal de São Bento";1
"411930 Pinhão";5
"411940 Piraí do Sul";2
"411950 Piraquara";24
"411960 Pitanga";5
"411970 Planaltina do Paraná";1
"411980 Planalto";1
"411990 Ponta Grossa";70
"411995 Pontal do Paraná";3
"412000 Porecatu";5
"412010 Porto Amazonas";2
"412033 Prado Ferreira";2
"412040 Presidente Castelo Branco";3
"412060 Prudentópolis";7
"412070 Quatiguá";1
"412085 Quatro Pontes";2
"412090 Quedas do Iguaçu";6
"412100 Querência do Norte";1
"412110 Quinta do Sol";1
"412120 Quitandinha";2
"412125 Ramilândia";1
"412135 Rancho Alegre D'Oeste";1
"412150 Rebouças";2
"412170 Reserva";5
"412175 Reserva do Iguaçu";1
"412180 Ribeirão Claro";1
"412190 Ribeirão do Pinhal";2
"412200 Rio Azul";3
"412215 Rio Bonito do Iguaçu";5
"412220 Rio Branco do Sul";5
"412230 Rio Negro";4
"412240 Rolândia";11
"412265 Rosário do Ivaí";2
"412320 Santa Cecília do Pavão";1
"412330 Santa Cruz de Monte Castelo";2
"412340 Santa Fé";1
"412350 Santa Helena";5
"412370 Santa Isabel do Ivaí";1
"412385 Santa Maria do Oeste";1
"412390 Santa Mariana";2
"412402 Santa Tereza do Oeste";4
"412405 Santa Terezinha de Itaipu";2
"412400 Santana do Itararé";1
"412410 Santo Antônio da Platina";10
"412420 Santo Antônio do Caiuá";3
"412430 Santo Antônio do Paraíso";1
"412440 Santo Antônio do Sudoeste";5
"412470 São Jerônimo da Serra";2
"412480 São João";1
"412510 São João do Triunfo";2
"412520 São Jorge d'Oeste";1
"412530 São Jorge do Ivaí";1
"412535 São Jorge do Patrocínio";1
"412545 São José das Palmeiras";1
"412550 São José dos Pinhais";44
"412560 São Mateus do Sul";7
"412570 São Miguel do Iguaçu";7
"412600 São Sebastião da Amoreira";1
"412620 Sapopema";2
"412625 Sarandi";24
"412630 Sengés";3
"412640 Sertaneja";1
"412650 Sertanópolis";2
"412660 Siqueira Campos";2
"412667 Tamarana";6
"412670 Tamboara";1
"412680 Tapejara";3
"412690 Tapira";2
"412700 Teixeira Soares";3
"412710 Telêmaco Borba";12
"412720 Terra Boa";4
"412730 Terra Rica";2
"412740 Terra Roxa";1
"412750 Tibagi";6
"412760 Tijucas do Sul";1
"412770 Toledo";29
"412785 Três Barras do Paraná";1
"412790 Tuneiras do Oeste";2
"412796 Turvo";2
"412800 Ubiratã";4
"412810 Umuarama";20
"412820 União da Vitória";6
"412840 Uraí";1
"412855 Vera Cruz do Oeste";2
"412870 Vitorino";1
"412850 Wenceslau Braz";4
"412880 Xambrê";1
"420010 Abelardo Luz";2
"420040 Água Doce";1
"420050 Águas de Chapecó";1
"420055 Águas Frias";1
"420070 Alfredo Wagner";2
"420080 Anchieta";1
"420090 Angelina";1
"420100 Anita Garibaldi";1
"420110 Anitápolis";1
"420120 Antônio Carlos";1
"420125 Apiúna";1
"420130 Araquari";6
"420140 Araranguá";12
"420170 Ascurra";2
"420190 Aurora";1
"420205 Balneário Barra do Sul";2
"420200 Balneário Camboriú";11
"420207 Balneário Gaivota";1
"421280 Balneário Piçarras";2
"422000 Balneário Rincão";2
"420210 Barra Velha";4
"420220 Benedito Novo";1
"420230 Biguaçu";6
"420240 Blumenau";32
"420243 Bocaina do Sul";1
"420250 Bom Jardim da Serra";1
"420253 Bom Jesus";1
"420260 Bom Retiro";2
"420245 Bombinhas";1
"420270 Botuverá";2
"420280 Braço do Norte";4
"420285 Braço do Trombudo";1
"420287 Brunópolis";2
"420290 Brusque";18
"420300 Caçador";17
"420315 Calmon";2
"420320 Camboriú";11
"420330 Campo Alegre";2
"420340 Campo Belo do Sul";3
"420360 Campos Novos";4
"420370 Canelinha";1
"420380 Canoinhas";12
"420390 Capinzal";3
"420395 Capivari de Baixo";5
"420400 Catanduvas";1
"420415 Celso Ramos";3
"420420 Chapecó";25
"420430 Concórdia";7
"420455 Correia Pinto";7
"420460 Criciúma";27
"420470 Cunha Porã";3
"420480 Curitibanos";8
"420490 Descanso";1
"420500 Dionísio Cerqueira";2
"420515 Doutor Pedrinho";1
"420530 Faxinal dos Guedes";1
"420540 Florianópolis";49
"420545 Forquilhinha";6
"420550 Fraiburgo";5
"420560 Galvão";1
"420570 Garopaba";6
"420580 Garuva";6
"420590 Gaspar";7
"420600 Governador Celso Ramos";1
"420630 Guabiruba";6
"420640 Guaraciaba";2
"420650 Guaramirim";3
"420660 Guarujá do Sul";1
"420665 Guatambú";4
"420670 Herval d'Oeste";3
"420680 Ibicaré";1
"420690 Ibirama";3
"420700 Içara";9
"420720 Imaruí";3
"420730 Imbituba";11
"420740 Imbuia";1
"420750 Indaial";9
"420757 Iomerê";1
"420760 Ipira";1
"420765 Iporã do Oeste";3
"420768 Ipuaçu";3
"420770 Ipumirim";1
"420775 Iraceminha";1
"420780 Irani";2
"420785 Irati";2
"420790 Irineópolis";2
"420800 Itá";1
"420810 Itaiópolis";2
"420820 Itajaí";46
"420830 Itapema";13
"420840 Itapiranga";6
"420845 Itapoá";4
"420850 Ituporanga";3
"420860 Jaborá";1
"420870 Jacinto Machado";2
"420880 Jaguaruna";4
"420890 Jaraguá do Sul";29
"420900 Joaçaba";3
"420910 Joinville";64
"420917 Jupiá";1
"420920 Lacerdópolis";1
"420930 Lages";23
"420940 Laguna";2
"420950 Laurentino";1
"420960 Lauro Muller";3
"420970 Lebon Régis";2
"420990 Lontras";1
"421000 Luiz Alves";3
"421010 Mafra";10
"421020 Major Gercino";1
"421030 Major Vieira";1
"421040 Maracajá";2
"421050 Maravilha";3
"421060 Massaranduba";1
"421070 Matos Costa";2
"421080 Meleiro";1
"421100 Mondaí";4
"421105 Monte Carlo";2
"421110 Monte Castelo";3
"421130 Navegantes";19
"421140 Nova Erechim";1
"421145 Nova Itaberaba";1
"421150 Nova Trento";3
"421160 Nova Veneza";1
"421170 Orleans";1
"421175 Otacílio Costa";5
"421185 Ouro Verde";1
"421190 Palhoça";15
"421200 Palma Sola";1
"421210 Palmitos";1
"421220 Papanduva";3
"421225 Passo de Torres";2
"421227 Passos Maia";2
"421230 Paulo Lopes";1
"421250 Penha";5
"421265 Pescaria Brava";2
"421270 Petrolândia";1
"421290 Pinhalzinho";3
"421310 Piratuba";1
"421320 Pomerode";10
"421335 Ponte Alta do Norte";4
"421340 Ponte Serrada";3
"421350 Porto Belo";4
"421360 Porto União";4
"421370 Pouso Redondo";3
"421400 Presidente Getúlio";1
"421415 Princesa";1
"421420 Quilombo";1
"421440 Rio das Antas";1
"421450 Rio do Campo";1
"421480 Rio do Sul";6
"421470 Rio dos Cedros";1
"421490 Rio Fortuna";1
"421500 Rio Negrinho";3
"421510 Rodeio";2
"421520 Romelândia";1
"421535 Saltinho";2
"421545 Sangão";4
"421550 Santa Cecília";3
"421560 Santa Rosa de Lima";1
"421565 Santa Rosa do Sul";2
"421568 Santa Terezinha do Progresso";1
"421569 Santiago do Sul";1
"421570 Santo Amaro da Imperatriz";1
"421580 São Bento do Sul";9
"421575 São Bernardino";1
"421600 São Carlos";2
"421610 São Domingos";2
"421620 São Francisco do Sul";7
"421630 São João Batista";3
"421635 São João do Itaperiú";2
"421650 São Joaquim";8
"421660 São José";31
"421670 São José do Cedro";1
"421680 São José do Cerrito";2
"421690 São Lourenço do Oeste";6
"421720 São Miguel do Oeste";9
"421730 Saudades";1
"421740 Schroeder";1
"421755 Serra Alta";1
"421760 Siderópolis";2
"421770 Sombrio";4
"421775 Sul Brasil";2
"421780 Taió";2
"421790 Tangará";2
"421800 Tijucas";3
"421820 Timbó";8
"421825 Timbó Grande";3
"421830 Três Barras";2
"421835 Treviso";1
"421840 Treze de Maio";2
"421870 Tubarão";6
"421880 Turvo";3
"421890 Urubici";3
"421900 Urussanga";3
"421910 Vargeão";1
"421915 Vargem";1
"421917 Vargem Bonita";2
"421930 Videira";3
"421950 Xanxerê";5
"421970 Xaxim";3
"430003 Aceguá";2
"430020 Ajuricaba";1
"430030 Alecrim";1
"430040 Alegrete";7
"430050 Alpestre";1
"430057 Alto Feliz";1
"430060 Alvorada";42
"430063 Amaral Ferrador";4
"430064 Ametista do Sul";2
"430080 Antônio Prado";2
"430085 Arambaré";1
"430087 Araricá";2
"430100 Arroio do Meio";1
"430105 Arroio do Sal";2
"430120 Arroio do Tigre";2
"430110 Arroio dos Ratos";2
"430130 Arroio Grande";1
"430140 Arvorezinha";3
"430150 Augusto Pestana";1
"430155 Áurea";1
"430160 Bagé";21
"430163 Balneário Pinhal";1
"430170 Barão de Cotegipe";1
"430185 Barra do Guarita";1
"430190 Barra do Ribeiro";1
"430180 Barracão";2
"430200 Barros Cassal";2
"430205 Benjamin Constant do Sul";1
"430210 Bento Gonçalves";8
"430220 Boa Vista do Buricá";2
"430222 Boa Vista do Cadeado";1
"430230 Bom Jesus";2
"430237 Bom Progresso";1
"430240 Bom Retiro do Sul";1
"430245 Boqueirão do Leão";2
"430270 Butiá";2
"430280 Caçapava do Sul";4
"430300 Cachoeira do Sul";16
"430310 Cachoeirinha";15
"430330 Caibaté";2
"430350 Camaquã";9
"430355 Camargo";1
"430390 Campo Bom";8
"430400 Campo Novo";2
"430410 Campos Borges";1
"430420 Candelária";1
"430435 Candiota";1
"430440 Canela";5
"430450 Canguçu";5
"430460 Canoas";48
"430463 Capão da Canoa";4
"430465 Capão do Cipó";1
"430466 Capão do Leão";5
"430468 Capela de Santana";1
"430471 Caraá";2
"430470 Carazinho";14
"430480 Carlos Barbosa";4
"430490 Casca";2
"430495 Caseiros";2
"430500 Catuípe";1
"430510 Caxias do Sul";69
"430511 Centenário";1
"430512 Cerrito";2
"430515 Cerro Grande";2
"430517 Cerro Grande do Sul";1
"430520 Cerro Largo";1
"430535 Charqueadas";5
"430537 Charrua";1
"430540 Chiapetta";1
"430543 Chuí";1
"430545 Cidreira";2
"430558 Colinas";2
"430585 Coqueiros do Sul";1
"430590 Coronel Bicaco";2
"430600 Crissiumal";1
"430607 Cristal do Sul";2
"430610 Cruz Alta";8
"430620 Cruzeiro do Sul";1
"430630 David Canabarro";2
"430635 Dezesseis de Novembro";1
"430637 Dilermando de Aguiar";1
"430640 Dois Irmãos";3
"430660 Dom Pedrito";1
"430675 Doutor Ricardo";1
"430676 Eldorado do Sul";4
"430690 Encruzilhada do Sul";3
"430693 Entre-Ijuís";2
"430697 Erebango";1
"430700 Erechim";13
"430730 Erval Seco";1
"430750 Espumoso";2
"430760 Estância Velha";3
"430770 Esteio";7
"430781 Estrela Velha";3
"430790 Farroupilha";8
"430810 Feliz";3
"430820 Flores da Cunha";6
"430850 Frederico Westphalen";2
"430860 Garibaldi";2
"430865 Garruchos";2
"430870 Gaurama";1
"430900 Giruá";1
"430905 Glorinha";1
"430910 Gramado";4
"430920 Gravataí";26
"430930 Guaíba";8
"430940 Guaporé";4
"430955 Harmonia";2
"430710 Herval";1
"430960 Horizontina";1
"430965 Hulha Negra";1
"430970 Humaitá";2
"431000 Ibirubá";3
"431010 Igrejinha";5
"431020 Ijuí";9
"431033 Imbé";2
"431036 Imigrante";1
"431040 Independência";1
"431041 Inhacorá";1
"431043 Ipê";1
"431053 Itaara";1
"431055 Itacurubi";1
"431060 Itaqui";3
"431085 Jaboticaba";3
"431100 Jaguarão";4
"431110 Jaguari";2
"431113 Jari";1
"431120 Júlio de Castilhos";3
"431130 Lagoa Vermelha";2
"431140 Lajeado";13
"431173 Mampituba";3
"431175 Manoel Viana";1
"431179 Maratá";1
"431180 Marau";5
"431215 Mato Leitão";1
"431225 Minas do Leão";1
"431240 Montenegro";8
"431250 Mostardas";1
"431265 Não-Me-Toque";3
"431270 Nonoai";1
"431275 Nova Alvorada";1
"431280 Nova Araçá";1
"431303 Nova Esperança do Sul";1
"431306 Nova Hartz";1
"431330 Nova Prata";3
"431337 Nova Santa Rita";2
"431340 Novo Hamburgo";26
"431350 Osório";4
"431370 Palmeira das Missões";7
"431380 Palmitinho";1
"431390 Panambi";6
"431395 Pantano Grande";1
"431402 Paraíso do Sul";1
"431405 Parobé";6
"431407 Passo do Sobrado";1
"431410 Passo Fundo";27
"431420 Pedro Osório";1
"431430 Pejuçara";1
"431440 Pelotas";60
"431447 Pinhal Grande";1
"431450 Pinheiro Machado";3
"431460 Piratini";4
"431470 Planalto";1
"431475 Poço das Antas";2
"431480 Portão";5
"431490 Porto Alegre";159
"431500 Porto Lucena";2
"431505 Porto Mauá";1
"431513 Pouso Novo";3
"431515 Progresso";2
"431530 Quaraí";6
"431540 Redentora";1
"431550 Restinga Seca";1
"431555 Rio dos Índios";1
"431560 Rio Grande";29
"431570 Rio Pardo";4
"431580 Roca Sales";1
"431590 Rodeio Bonito";2
"431600 Rolante";1
"431610 Ronda Alta";1
"431640 Rosário do Sul";6
"431645 Salto do Jacuí";3
"431650 Salvador do Sul";1
"431710 Sant'Ana do Livramento";16
"431675 Santa Clara do Sul";1
"431680 Santa Cruz do Sul";23
"431690 Santa Maria";34
"431695 Santa Maria do Herval";1
"431720 Santa Rosa";13
"431730 Santa Vitória do Palmar";8
"431740 Santiago";8
"431750 Santo Ângelo";11
"431760 Santo Antônio da Patrulha";5
"431775 Santo Antônio do Planalto";1
"431790 Santo Cristo";3
"431800 São Borja";6
"431810 São Francisco de Assis";3
"431820 São Francisco de Paula";2
"431830 São Gabriel";19
"431840 São Jerônimo";2
"431850 São José do Norte";2
"431860 São José do Ouro";1
"431861 São José do Sul";1
"431862 São José dos Ausentes";2
"431870 São Leopoldo";37
"431880 São Lourenço do Sul";5
"431890 São Luiz Gonzaga";4
"431900 São Marcos";3
"431915 São Miguel das Missões";1
"431930 São Paulo das Missões";1
"431940 São Pedro do Sul";3
"431950 São Sebastião do Caí";5
"431960 São Sepé";3
"431990 Sapiranga";13
"432000 Sapucaia do Sul";17
"432010 Sarandi";4
"432020 Seberi";2
"432026 Segredo";1
"432070 Sobradinho";2
"432080 Soledade";2
"432090 Tapejara";3
"432100 Tapera";1
"432120 Taquara";9
"432140 Tenente Portela";2
"432145 Teutônia";2
"432149 Toropi";2
"432150 Torres";5
"432160 Tramandaí";4
"432170 Três Coroas";3
"432180 Três de Maio";2
"432190 Três Passos";1
"432200 Triunfo";5
"432220 Tupanciretã";3
"432230 Tuparendi";2
"432232 Turuçu";1
"432237 Unistalda";1
"432240 Uruguaiana";20
"432250 Vacaria";12
"432254 Vale Real";1
"432260 Venâncio Aires";5
"432270 Vera Cruz";5
"432280 Veranópolis";1
"432300 Viamão";29
"432320 Victor Graeff";1
"432330 Vila Flores";1
"432350 Vista Alegre";2
"432380 Xangri-lá";4
"500020 Água Clara";4
"500025 Alcinópolis";2
"500060 Amambai";15
"500070 Anastácio";5
"500080 Anaurilândia";2
"500100 Aparecida do Taboado";4
"500110 Aquidauana";8
"500124 Aral Moreira";4
"500150 Bandeirantes";1
"500190 Bataguassu";4
"500200 Batayporã";3
"500210 Bela Vista";6
"500215 Bodoquena";1
"500220 Bonito";4
"500230 Brasilândia";1
"500240 Caarapó";6
"500260 Camapuã";2
"500270 Campo Grande";140
"500280 Caracol";1
"500290 Cassilândia";2
"500295 Chapadão do Sul";8
"500315 Coronel Sapucaia";10
"500320 Corumbá";28
"500325 Costa Rica";2
"500330 Coxim";4
"500345 Deodápolis";1
"500348 Dois Irmãos do Buriti";2
"500350 Douradina";2
"500370 Dourados";33
"500375 Eldorado";3
"500380 Fátima do Sul";2
"500400 Glória de Dourados";2
"500410 Guia Lopes da Laguna";3
"500430 Iguatemi";7
"500440 Inocência";1
"500450 Itaporã";1
"500460 Itaquiraí";2
"500470 Ivinhema";7
"500480 Japorã";6
"500500 Jardim";4
"500510 Jateí";1
"500515 Juti";2
"500520 Ladário";7
"500540 Maracaju";5
"500560 Miranda";6
"500568 Mundo Novo";2
"500570 Naviraí";9
"500580 Nioaque";4
"500600 Nova Alvorada do Sul";5
"500620 Nova Andradina";7
"500630 Paranaíba";5
"500635 Paranhos";8
"500660 Ponta Porã";16
"500690 Porto Murtinho";3
"500710 Ribas do Rio Pardo";5
"500720 Rio Brilhante";11
"500730 Rio Negro";1
"500740 Rio Verde de Mato Grosso";3
"500769 São Gabriel do Oeste";6
"500780 Selvíria";2
"500770 Sete Quedas";5
"500790 Sidrolândia";11
"500793 Sonora";2
"500795 Tacuru";3
"500797 Taquarussu";1
"500800 Terenos";4
"500830 Três Lagoas";24
"500840 Vicentina";1
"510010 Acorizal";2
"510020 Água Boa";6
"510025 Alta Floresta";11
"510030 Alto Araguaia";2
"510035 Alto Boa Vista";3
"510040 Alto Garças";1
"510060 Alto Taquari";1
"510080 Apiacás";1
"510125 Araputanga";2
"510130 Arenápolis";1
"510140 Aripuanã";1
"510170 Barra do Bugres";5
"510180 Barra do Garças";19
"510185 Bom Jesus do Araguaia";1
"510190 Brasnorte";1
"510250 Cáceres";27
"510260 Campinápolis";13
"510263 Campo Novo do Parecis";8
"510267 Campo Verde";4
"510268 Campos de Júlio";2
"510269 Canabrava do Norte";1
"510270 Canarana";11
"510279 Carlinda";1
"510300 Chapada dos Guimarães";2
"510305 Cláudia";1
"510320 Colíder";4
"510325 Colniza";7
"510330 Comodoro";4
"510335 Confresa";7
"510337 Cotriguaçu";3
"510340 Cuiabá";119
"510343 Curvelândia";1
"510350 Diamantino";2
"510360 Dom Aquino";1
"510370 Feliz Natal";2
"510380 Figueirópolis D'Oeste";2
"510385 Gaúcha do Norte";3
"510390 General Carneiro";6
"510410 Guarantã do Norte";5
"510420 Guiratinga";1
"510452 Ipiranga do Norte";1
"510455 Itaúba";2
"510460 Itiquira";1
"510480 Jaciara";1
"510490 Jangada";2
"510510 Juara";3
"510515 Juína";11
"510517 Juruena";4
"510520 Juscimeira";1
"510525 Lucas do Rio Verde";18
"510530 Luciara";2
"510558 Marcelândia";2
"510560 Matupá";4
"510562 Mirassol d'Oeste";5
"510590 Nobres";7
"510600 Nortelândia";2
"510610 Nossa Senhora do Livramento";2
"510615 Nova Bandeirantes";2
"510620 Nova Brasilândia";1
"510621 Nova Canaã do Norte";1
"510880 Nova Guarita";2
"510618 Nova Lacerda";1
"510895 Nova Monte Verde";3
"510622 Nova Mutum";13
"510623 Nova Olímpia";3
"510625 Nova Xavantina";4
"510626 Novo Mundo";1
"510630 Paranatinga";5
"510637 Pedra Preta";5
"510642 Peixoto de Azevedo";10
"510650 Poconé";12
"510665 Pontal do Araguaia";1
"510670 Ponte Branca";1
"510675 Pontes e Lacerda";6
"510677 Porto Alegre do Norte";4
"510682 Porto Esperidião";1
"510700 Poxoréo";4
"510704 Primavera do Leste";18
"510706 Querência";9
"510718 Ribeirão Cascalheira";2
"510719 Ribeirãozinho";1
"510720 Rio Branco";2
"510760 Rondonópolis";39
"510770 Rosário Oeste";4
"510724 Santa Carmem";2
"510776 Santa Rita do Trivelato";1
"510777 Santa Terezinha";2
"510780 Santo Antônio do Leverger";7
"510785 São Félix do Araguaia";4
"510729 São José do Povo";1
"510730 São José do Rio Claro";3
"510735 São José do Xingu";2
"510710 São José dos Quatro Marcos";2
"510787 Sapezal";5
"510790 Sinop";26
"510792 Sorriso";23
"510794 Tabaporã";1
"510795 Tangará da Serra";17
"510800 Tapurah";7
"510805 Terra Nova do Norte";1
"510820 Torixoréu";1
"510840 Várzea Grande";81
"510850 Vera";1
"510550 Vila Bela da Santíssima Trindade";2
"510860 Vila Rica";7
"520005 Abadia de Goiás";3
"520010 Abadiânia";3
"520013 Acreúna";5
"520015 Adelândia";1
"520017 Água Fria de Goiás";3
"520025 Águas Lindas de Goiás";35
"520030 Alexânia";4
"520055 Alto Horizonte";3
"520060 Alto Paraíso de Goiás";1
"520080 Alvorada do Norte";1
"520085 Americano do Brasil";1
"520110 Anápolis";71
"520140 Aparecida de Goiânia";97
"520145 Aparecida do Rio Doce";1
"520150 Aporé";1
"520160 Araçu";2
"520170 Aragarças";3
"520180 Aragoiânia";1
"520215 Araguapaz";1
"520250 Aruanã";2
"520260 Aurilândia";2
"520320 Barro Alto";2
"520330 Bela Vista de Goiás";7
"520340 Bom Jardim de Goiás";2
"520350 Bom Jesus de Goiás";5
"520400 Cabeceiras";2
"520410 Cachoeira Alta";1
"520430 Caçu";1
"520450 Caldas Novas";14
"520460 Campestre de Goiás";2
"520470 Campinorte";2
"520485 Campo Limpo de Goiás";4
"520490 Campos Belos";7
"520495 Campos Verdes";1
"520500 Carmo do Rio Verde";1
"520505 Castelândia";2
"520510 Catalão";21
"520520 Caturaí";1
"520540 Ceres";5
"520545 Cezarina";1
"520547 Chapadão do Céu";1
"520549 Cidade Ocidental";9
"520551 Cocalzinho de Goiás";5
"520552 Colinas do Sul";1
"520580 Corumbá de Goiás";1
"520590 Corumbaíba";2
"520620 Cristalina";14
"520640 Crixás";2
"520660 Cumari";1
"520710 Diorama";1
"520830 Divinópolis de Goiás";4
"520740 Edéia";6
"520760 Fazenda Nova";2
"520780 Firminópolis";2
"520790 Flores de Goiás";2
"520800 Formosa";25
"520840 Goianápolis";4
"520860 Goianésia";17
"520870 Goiânia";225
"520880 Goianira";14
"520890 Goiás";2
"520910 Goiatuba";9
"520915 Gouvelândia";3
"520920 Guapó";3
"520970 Hidrolândia";7
"520980 Hidrolina";2
"520990 Iaciara";1
"520993 Inaciolândia";2
"521000 Inhumas";17
"521010 Ipameri";3
"521020 Iporá";3
"521040 Itaberaí";7
"521056 Itaguari";1
"521060 Itaguaru";3
"521090 Itapaci";3
"521100 Itapirapuã";2
"521120 Itapuranga";6
"521130 Itarumã";4
"521140 Itauçu";1
"521150 Itumbiara";25
"521180 Jaraguá";12
"521190 Jataí";20
"521210 Joviânia";1
"521220 Jussara";4
"521230 Leopoldo de Bulhões";2
"521250 Luziânia";34
"521270 Mambaí";1
"521280 Mara Rosa";2
"521290 Marzagão";1
"521295 Matrinchã";1
"521300 Maurilândia";1
"521305 Mimoso de Goiás";2
"521308 Minaçu";2
"521310 Mineiros";17
"521350 Monte Alegre de Goiás";1
"521370 Montes Claros de Goiás";1
"521375 Montividiu";2
"521377 Montividiu do Norte";1
"521380 Morrinhos";10
"521385 Morro Agudo de Goiás";1
"521400 Mozarlândia";5
"521440 Nazário";2
"521450 Nerópolis";5
"521460 Niquelândia";8
"521470 Nova América";1
"521486 Nova Glória";2
"521487 Nova Iguaçu de Goiás";1
"521490 Nova Roma";1
"521523 Novo Gama";21
"521530 Orizona";3
"521560 Padre Bernardo";7
"521570 Palmeiras de Goiás";3
"521590 Palminópolis";1
"521630 Paranaiguara";2
"521640 Paraúna";3
"521680 Petrolina de Goiás";1
"521720 Piranhas";4
"521730 Pirenópolis";3
"521740 Pires do Rio";8
"521760 Planaltina";16
"521770 Pontalina";5
"521800 Porangatu";6
"521810 Portelândia";3
"521830 Posse";4
"521839 Professor Jamil";1
"521850 Quirinópolis";7
"521860 Rialma";5
"521870 Rianápolis";1
"521878 Rio Quente";1
"521880 Rio Verde";59
"521890 Rubiataba";3
"521930 Santa Helena de Goiás";10
"521970 Santa Terezinha de Goiás";1
"521973 Santo Antônio de Goiás";1
"521975 Santo Antônio do Descoberto";20
"521980 São Domingos";1
"521990 São Francisco de Goiás";3
"522000 São João d'Aliança";3
"522010 São Luís de Montes Belos";3
"522015 São Luíz do Norte";1
"522020 São Miguel do Araguaia";5
"522026 São Miguel do Passa Quatro";1
"522040 São Simão";5
"522045 Senador Canedo";29
"522050 Serranópolis";2
"522060 Silvânia";3
"522068 Simolândia";1
"522070 Sítio d'Abadia";1
"522119 Terezópolis de Goiás";3
"522140 Trindade";17
"522145 Trombas";1
"522160 Uruaçu";4
"522170 Uruana";2
"522185 Valparaíso de Goiás";37
"522190 Varjão";1
"522200 Vianópolis";2
"522205 Vicentinópolis";2
"522220 Vila Boa";1
"522230 Vila Propício";1
"520000 Município ignorado - GO";1
"530010 Brasília";453
"Total";35864
 Fonte: MS/SVS/CGIAE - Sistema de Informações sobre Mortalidade - SIM
 Nota:
 
 Em 2011, houve uma mudança no conteúdo da Declaração de Óbito, com maior detalhamento das informações coletadas. Para este ano, foram
 utilizados simultaneamente os dois formulários. Para mais detalhes sobre as mudanças ocorridas e os seus efeitos, veja o documento
 "Sistema de Informações sobre Mortalidade - SIM. Consolidação da base de dados de 2011".
 No dia 13/06/2019, os arquivos do SIM referentes ao ano de notificação 2017 foram atualizados, com alteração das causas básicas de 2 registros e exclusão de 1 registro.
 
